"artist","firstName","gender","itemInSession","lastName","length","level","location","sessionId","song","userId"
"A Fine Frenzy","Anabelle","F","0","Simpson","267.91138","free","Philadelphia-Camden-Wilmington, PA-NJ-DE-MD","256","Almost Lover (Album Version)","69"
"Nirvana","Aleena","F","0","Kirby","214.77832","paid","Waterloo-Cedar Falls, IA","237","Serve The Servants","44"
"Television","Aleena","F","1","Kirby","238.49751","paid","Waterloo-Cedar Falls, IA","237","See No Evil  (Remastered LP Version)","44"
"JOHN COLTRANE","Aleena","F","2","Kirby","346.43546","paid","Waterloo-Cedar Falls, IA","237","Blues To Bechet (LP Version)","44"
"NOFX","Aleena","F","3","Kirby","80.79628","paid","Waterloo-Cedar Falls, IA","237","It's My Job To Keep Punk Rock Elite","44"
"The Backyardigans","Aleena","F","4","Kirby","158.85016","paid","Waterloo-Cedar Falls, IA","237","Into The Thick Of It!","44"
"Bruce Springsteen","Aleena","F","5","Kirby","202.84036","paid","Waterloo-Cedar Falls, IA","237","Radio Nowhere","44"
"Maroon 5","Aleena","F","6","Kirby","173.66159","paid","Waterloo-Cedar Falls, IA","237","Harder To Breathe","44"
"Two Door Cinema Club","Aleena","F","7","Kirby","189.67465","paid","Waterloo-Cedar Falls, IA","237","What You Know","44"
"Five Finger Death Punch","Aleena","F","8","Kirby","262.81751","paid","Waterloo-Cedar Falls, IA","237","Meet the Monster","44"
"Josh Turner","Aleena","F","9","Kirby","207.93424","paid","Waterloo-Cedar Falls, IA","237","What It Ain't","44"
"At The Drive-In","Aleena","F","10","Kirby","207.46404","paid","Waterloo-Cedar Falls, IA","237","Sleepwalk Capsules","44"
"Animal Collective","Aleena","F","11","Kirby","269.81832","paid","Waterloo-Cedar Falls, IA","237","Summertime Clothes","44"
"Ron Carter","Aleena","F","12","Kirby","497.13587","paid","Waterloo-Cedar Falls, IA","237","I CAN'T GET STARTED","44"
"Old 97's","Aleena","F","13","Kirby","231.28771","paid","Waterloo-Cedar Falls, IA","237","Victoria (LP Version)","44"
"Cyndi Lauper","Aleena","F","14","Kirby","226.32444","paid","Waterloo-Cedar Falls, IA","237","True Colors","44"
"Damien Rice","Aleena","F","15","Kirby","276.08771","paid","Waterloo-Cedar Falls, IA","237","Amie","44"
"Alicia Keys","Aleena","F","16","Kirby","229.0673","paid","Waterloo-Cedar Falls, IA","237","If I Ain't Got You","44"
"Lloyd Cole And The Commotions","Aleena","F","17","Kirby","235.31057","paid","Waterloo-Cedar Falls, IA","237","Charlotte Street","44"
"John Mayer","Aleena","F","18","Kirby","269.71383","paid","Waterloo-Cedar Falls, IA","237","Heartbreak Warfare","44"
"Joshua Radin","Aleena","F","19","Kirby","161.69751","paid","Waterloo-Cedar Falls, IA","237","We Are Okay","44"
"Kings Of Leon","Aleena","F","20","Kirby","201.79546","paid","Waterloo-Cedar Falls, IA","237","Revelry","44"
"Incubus","Aleena","F","21","Kirby","257.25342","paid","Waterloo-Cedar Falls, IA","237","Dig","44"
"Owl City","Aleena","F","22","Kirby","190.17098","paid","Waterloo-Cedar Falls, IA","237","Tidal Wave","44"
"Mediaeval Baebes","Aleena","F","23","Kirby","219.29751","paid","Waterloo-Cedar Falls, IA","237","MÃÂ¤rk Hure VÃÂ¥r Skugga","44"
"The Black Keys","Theodore","M","0","Smith","300.30322","free","Houston-The Woodlands-Sugar Land, TX","226","The Only One","52"
"Foo Fighters","Theodore","M","1","Smith","262.73914","free","Houston-The Woodlands-Sugar Land, TX","226","All My Life","52"
"Havok","Noah","M","0","Chavez","227.68281","free","Ogden-Clearfield, UT","150","Ivory Tower","94"
"John Mayer","Noah","M","1","Chavez","250.38322","free","Ogden-Clearfield, UT","150","Half Of My Heart","94"
"The Killers","Lily","F","0","Burns","185.33832","free","New York-Newark-Jersey City, NY-NJ-PA","239","I Can't Stay","32"
"Thrice","Anabelle","F","0","Simpson","134.60853","free","Philadelphia-Camden-Wilmington, PA-NJ-DE-MD","259","The Red Death","69"
"Alicia Keys","Anabelle","F","1","Simpson","229.0673","free","Philadelphia-Camden-Wilmington, PA-NJ-DE-MD","259","If I Ain't Got You","69"
"Euge Groove","Jahiem","M","0","Miles","265.482","free","San Antonio-New Braunfels, TX","245","Tenderly","43"
"Metallica / Marianne Faithfull","Katherine","F","0","Gay","279.11791","free","San Antonio-New Braunfels, TX","56","The Memory Remains","57"
"Nana Caymmi","Katherine","F","1","Gay","174.41914","free","San Antonio-New Braunfels, TX","56","Fim De Caso","57"
"Johnny Burnette","Katherine","F","2","Gay","134.84363","free","San Antonio-New Braunfels, TX","56","I've Got A Lot Of Things To Do","57"
"Arctic Monkeys","Katherine","F","3","Gay","177.94567","free","San Antonio-New Braunfels, TX","56","Fake Tales Of San Francisco","57"
"DeGarmo & Key","Chloe","F","1","Cuevas","236.48608","free","San Francisco-Oakland-Hayward, CA","224","I'm Accepted (The Pledge Album Version)","49"
"Extrawelt","Ryan","M","1","Smith","338.23302","free","San Jose-Sunnyvale-Santa Clara, CA","232","Stammgast","26"
"Powderfinger","Harper","M","0","Barrett","276.68853","paid","New York-Newark-Jersey City, NY-NJ-PA","129","My Happiness","42"
"Radiohead","Harper","M","1","Barrett","247.06567","paid","New York-Newark-Jersey City, NY-NJ-PA","129","Black Star","42"
"Kid Cudi Vs Crookers","Brantley","M","0","West","162.97751","free","Portland-Vancouver-Hillsboro, OR-WA","242","Day 'N' Nite","28"
"Three Days Grace","Harper","M","2","Barrett","186.90567","paid","New York-Newark-Jersey City, NY-NJ-PA","129","Just Like You","42"
"Monty Python","Harper","M","3","Barrett","15.85587","paid","New York-Newark-Jersey City, NY-NJ-PA","129","Comfy Chair (The Final Rip Off Remix)","42"
"Rise Against","Harper","M","4","Barrett","241.55383","paid","New York-Newark-Jersey City, NY-NJ-PA","129","Long Forgotten Sons","42"
"Jimmy Eat World","Harper","M","5","Barrett","166.00771","paid","New York-Newark-Jersey City, NY-NJ-PA","129","The Middle","42"
"Rise Against","Harper","M","6","Barrett","165.14567","paid","New York-Newark-Jersey City, NY-NJ-PA","129","Under The Knife","42"
"Chaka Khan","Harper","M","7","Barrett","280.86812","paid","New York-Newark-Jersey City, NY-NJ-PA","129","Ain't Nobody (Album Version)","42"
"Paper Lace","Harper","M","8","Barrett","192.07791","paid","New York-Newark-Jersey City, NY-NJ-PA","129","The Night Chicago Died","42"
"Pixies","Harper","M","9","Barrett","113.78893","paid","New York-Newark-Jersey City, NY-NJ-PA","129","Break My Body","42"
"Wolfgang Gartner","Harper","M","10","Barrett","415.97342","paid","New York-Newark-Jersey City, NY-NJ-PA","129","Fire Power","42"
"No Doubt","Devin","M","0","Larson","269.73995","free","Tampa-St. Petersburg-Clearwater, FL","59","Sometimes","60"
"The Lonely Island / Julian Casablancas","Harper","M","11","Barrett","192.9922","paid","New York-Newark-Jersey City, NY-NJ-PA","129","Boombox","42"
"Eminem","Harper","M","12","Barrett","284.18567","paid","New York-Newark-Jersey City, NY-NJ-PA","129","The Real Slim Shady","42"
"Martin Gore","Sara","F","0","Johnson","241.10975","paid","Winston-Salem, NC","222","By This River","95"
"The Animals","Harper","M","13","Barrett","242.05016","paid","New York-Newark-Jersey City, NY-NJ-PA","129","For Miss Caulker (1999 Digital Remaster)","42"
"Florence + The Machine","Sara","F","1","Johnson","168.64608","paid","Winston-Salem, NC","222","You've Got The Love","95"
"Hot Water Music","Harper","M","14","Barrett","157.85751","paid","New York-Newark-Jersey City, NY-NJ-PA","129","The Sense","42"
"Bill Withers","Sara","F","2","Johnson","383.73832","paid","Winston-Salem, NC","222","Make Love To Your Mind","95"
"311","Harper","M","15","Barrett","194.32444","paid","New York-Newark-Jersey City, NY-NJ-PA","129","Eons","42"
"Bloc Party","Harper","M","16","Barrett","215.11791","paid","New York-Newark-Jersey City, NY-NJ-PA","129","The Pioneers","42"
"Nino Bravo","Sara","F","3","Johnson","218.48771","paid","Winston-Salem, NC","222","Amanecer","95"
"JosÃÂ© GonzÃÂ¡lez","Harper","M","17","Barrett","143.93424","paid","New York-Newark-Jersey City, NY-NJ-PA","129","The Nest","42"
"Taking Back Sunday","Sara","F","4","Johnson","249.99138","paid","Winston-Salem, NC","222","This Photograph Is Proof {I Know You Know] (Album Version)","95"
"Jack Johnson","Harper","M","18","Barrett","207.64689","paid","New York-Newark-Jersey City, NY-NJ-PA","129","Better Together","42"
"The Rolling Stones","Sara","F","5","Johnson","274.1024","paid","Winston-Salem, NC","222","Stop Breaking Down","95"
"Euge Groove","Harper","M","19","Barrett","265.482","paid","New York-Newark-Jersey City, NY-NJ-PA","129","Tenderly","42"
"School Of Seven Bells","Tegan","F","0","Levine","262.37342","free","Portland-South Portland, ME","254","Chain","80"
"P!nk","Sara","F","6","Johnson","227.02975","paid","Winston-Salem, NC","222","Glitter In The Air","95"
"Nancy Wilson","Harper","M","20","Barrett","122.77506","paid","New York-Newark-Jersey City, NY-NJ-PA","129","I Believe In You","42"
"Enrique Iglesias","Harper","M","21","Barrett","235.17995","paid","New York-Newark-Jersey City, NY-NJ-PA","129","Ring My Bells","42"
"Katie Melua","Sara","F","7","Johnson","242.83383","paid","Winston-Salem, NC","222","Scary Films","95"
"Harmonia","Harper","M","22","Barrett","655.77751","paid","New York-Newark-Jersey City, NY-NJ-PA","129","Sehr kosmisch","42"
"The RH Factor","Sara","F","8","Johnson","233.35138","paid","Winston-Salem, NC","222","Hold On","95"
"Moose","Chloe","F","1","Cuevas","490.21342","free","San Francisco-Oakland-Hayward, CA","267","Do You Remember","49"
"KATAKLYSM","Sara","F","9","Johnson","162.92526","paid","Winston-Salem, NC","222","In Shadows And Dust","95"
"Lily Allen","Sara","F","10","Johnson","159.84281","paid","Winston-Salem, NC","222","Everybody's Changing","95"
"Florence + The Machine","Sara","F","11","Johnson","258.55955","paid","Winston-Salem, NC","222","Cosmic Love","95"
"Placebo","Harper","M","23","Barrett","254.45832","paid","New York-Newark-Jersey City, NY-NJ-PA","129","Taste In Men","42"
"DJ Dizzy","Chloe","F","2","Cuevas","221.1522","free","San Francisco-Oakland-Hayward, CA","267","Sexy Bitch","49"
"Camera Obscura","Sara","F","12","Johnson","188.02893","paid","Winston-Salem, NC","222","Anti-Western","95"
"Nick Cave & The Bad Seeds","Harper","M","24","Barrett","265.27302","paid","New York-Newark-Jersey City, NY-NJ-PA","129","Spell","42"
"Queens Of The Stone Age","Chloe","F","3","Cuevas","364.90404","free","San Francisco-Oakland-Hayward, CA","267","God Is On The Radio","49"
"Linkin Park","Sara","F","13","Johnson","494.99383","paid","Winston-Salem, NC","222","Bleed It Out [Live At Milton Keynes]","95"
"Dwight Yoakam","Harper","M","25","Barrett","239.3073","paid","New York-Newark-Jersey City, NY-NJ-PA","129","You're The One","42"
"mewithoutYou","Chloe","F","4","Cuevas","311.562","free","San Francisco-Oakland-Hayward, CA","267","Bullet To Binary (Pt. Two)","49"
"The New Pornographers","Harper","M","27","Barrett","189.02159","paid","New York-Newark-Jersey City, NY-NJ-PA","129","All The Things That Go To Make Heaven And Earth","42"
"Edward Sharpe & The Magnetic Zeros","Sara","F","14","Johnson","306.31138","paid","Winston-Salem, NC","222","Home","95"
"Diego Torres","Harper","M","28","Barrett","227.18649","paid","New York-Newark-Jersey City, NY-NJ-PA","129","SueÃÂ±os","42"
"Francisca Valenzuela","Harper","M","29","Barrett","174.70649","paid","New York-Newark-Jersey City, NY-NJ-PA","129","MuÃÂ©rdete la lengua","42"
"Pendulum","Sara","F","15","Johnson","315.71546","paid","Winston-Salem, NC","222","The Other Side (album version)","95"
"Local Natives","Harper","M","30","Barrett","330.89261","paid","New York-Newark-Jersey City, NY-NJ-PA","129","Shape Shifter","42"
"Daft Punk","Sara","F","16","Johnson","416.522","paid","Winston-Salem, NC","222","Emotion","95"
"Soda Stereo","Harper","M","31","Barrett","211.61751","paid","New York-Newark-Jersey City, NY-NJ-PA","129","Danza Rota","42"
"The Cardigans","Harper","M","32","Barrett","198.21669","paid","New York-Newark-Jersey City, NY-NJ-PA","129","Lovefool","42"
"ETERNAL FEATURING BEBE WINANS","Sara","F","17","Johnson","218.40934","paid","Winston-Salem, NC","222","I Wanna Be The Only One","95"
"Kings Of Leon","Harper","M","34","Barrett","201.79546","paid","New York-Newark-Jersey City, NY-NJ-PA","129","Revelry","42"
"Julie Doiron","Sara","F","18","Johnson","165.92934","paid","Winston-Salem, NC","222","Me and My Friend","95"
"Kinky","Aleena","F","2","Kirby","211.90485","paid","Waterloo-Cedar Falls, IA","269","Cornman","44"
"LU","Harper","M","35","Barrett","321.54077","paid","New York-Newark-Jersey City, NY-NJ-PA","129","Una Confusion","42"
"Tub Ring","Sara","F","19","Johnson","233.69098","paid","Winston-Salem, NC","222","Invalid","95"
"Nickel Creek","Aleena","F","3","Kirby","301.40036","paid","Waterloo-Cedar Falls, IA","269","The Lighthouse's Tale","44"
"Massive Attack","Sara","F","20","Johnson","288.65261","paid","Winston-Salem, NC","222","One Love","95"
"Cut Copy","Harper","M","36","Barrett","283.76771","paid","New York-Newark-Jersey City, NY-NJ-PA","129","Strangers In The Wind","42"
"Straylight Run","Aleena","F","4","Kirby","241.44934","paid","Waterloo-Cedar Falls, IA","269","Existentialism On Prom Night (Album Version)","44"
"Albert Hammond","Sara","F","21","Johnson","177.78893","paid","Winston-Salem, NC","222","Echame A Mi La Culpa","95"
"Hercules And Love Affair","Harper","M","37","Barrett","376.29342","paid","New York-Newark-Jersey City, NY-NJ-PA","129","Blind (Full Album Version)","42"
"Left Lane Cruiser","Aleena","F","7","Kirby","183.27465","paid","Waterloo-Cedar Falls, IA","269","Amerika","44"
"UB40","Sara","F","22","Johnson","185.10322","paid","Winston-Salem, NC","222","Come Back Darling","95"
"Amon Amarth","Aleena","F","8","Kirby","357.22404","paid","Waterloo-Cedar Falls, IA","269","Fate Of Norns","44"
"Queensryche","Sara","F","23","Johnson","347.81995","paid","Winston-Salem, NC","222","Silent Lucidity (2002 Digital Remaster)","95"
"Winds Of Plague","Aleena","F","9","Kirby","148.08771","paid","Waterloo-Cedar Falls, IA","269","Reloaded","44"
"Jackson 5","Sara","F","24","Johnson","174.10567","paid","Winston-Salem, NC","222","Ben","95"
"Feist","Aleena","F","10","Kirby","184.94649","paid","Waterloo-Cedar Falls, IA","269","My Moon My Man","44"
"JosÃÂ© Gonzalez","Sara","F","25","Johnson","158.48444","paid","Winston-Salem, NC","222","Heartbeats","95"
"Flobots","Aleena","F","11","Kirby","205.68771","paid","Waterloo-Cedar Falls, IA","269","Handlebars (UK Radio Edit)","44"
"Teriyaki Boyz","Sara","F","26","Johnson","253.77914","paid","Winston-Salem, NC","222","Heartbreaker","95"
"Dwight Yoakam","Aleena","F","12","Kirby","239.3073","paid","Waterloo-Cedar Falls, IA","269","You're The One","44"
"Young Money featuring Lloyd","Sara","F","27","Johnson","196.33587","paid","Winston-Salem, NC","222","BedRock (Radio Edit) (feat.Lloyd)","95"
"The Pussycat Dolls","Aleena","F","13","Kirby","245.18485","paid","Waterloo-Cedar Falls, IA","269","When I Grow Up","44"
"Koopsta Knicca","Sara","F","28","Johnson","206.78485","paid","Winston-Salem, NC","222","Top Secret","95"
"The Knack","Sara","F","29","Johnson","141.58322","paid","Winston-Salem, NC","222","Let Me Out","95"
"The Prodigy","Aleena","F","14","Kirby","215.77098","paid","Waterloo-Cedar Falls, IA","269","Omen","44"
"ZZ Top","Sara","F","30","Johnson","187.8722","paid","Winston-Salem, NC","222","Avalon Hideaway (LP Version)","95"
"Caifanes","Aleena","F","15","Kirby","263.33995","paid","Waterloo-Cedar Falls, IA","269","Cuentame Tu Vida","44"
"Britt Nicole","Sara","F","31","Johnson","232.85506","paid","Winston-Salem, NC","222","Like A Star","95"
"Jimmy Buffett","Aleena","F","19","Kirby","209.00526","paid","Waterloo-Cedar Falls, IA","269","He Went To Paris","44"
"Counting Crows","Aleena","F","20","Kirby","272.79628","paid","Waterloo-Cedar Falls, IA","269","Mr. Jones","44"
"8Ball & MJG","Aleena","F","21","Kirby","48.14322","paid","Waterloo-Cedar Falls, IA","269","Intro (Explicit Album Version)","44"
"SinÃÂ©ad O'Connor","Aleena","F","22","Kirby","282.51383","paid","Waterloo-Cedar Falls, IA","269","I Want Your (Hands On Me)","44"
"Vince Guaraldi Trio","Aleena","F","23","Kirby","368.29995","paid","Waterloo-Cedar Falls, IA","269","Christmastime Is Here","44"
"B*Witched","Aleena","F","24","Kirby","172.06812","paid","Waterloo-Cedar Falls, IA","269","C'est La Vie","44"
"Gyptian","Aleena","F","25","Kirby","211.04281","paid","Waterloo-Cedar Falls, IA","269","Love Against the Wall","44"
"The Ataris","Aleena","F","26","Kirby","179.722","paid","Waterloo-Cedar Falls, IA","269","I Won't Spend Another Night Alone","44"
"Adam Green","Aleena","F","27","Kirby","143.49016","paid","Waterloo-Cedar Falls, IA","269","You Get So Lucky","44"
"Marilyn Manson","Aleena","F","28","Kirby","247.01342","paid","Waterloo-Cedar Falls, IA","269","Personal Jesus","44"
"Bobby Blue Bland","Aleena","F","29","Kirby","141.13914","paid","Waterloo-Cedar Falls, IA","269","I Pity the Fool","44"
"David Banner","Aleena","F","30","Kirby","232.75057","paid","Waterloo-Cedar Falls, IA","269","Play","44"
"We The Kings featuring Demi Lovato","Aleena","F","31","Kirby","231.78404","paid","Waterloo-Cedar Falls, IA","269","We'll Be A Dream (featuring Demi Lovato)","44"
"Emiliana Torrini","Aleena","F","32","Kirby","383.50322","paid","Waterloo-Cedar Falls, IA","269","Birds","44"
"Garbage","Shakira","F","0","Hunt","277.39383","free","Washington-Arlington-Alexandria, DC-VA-MD-WV","83","Temptation Waits","84"
"Linkin Park","Aleena","F","33","Kirby","268.61669","paid","Waterloo-Cedar Falls, IA","269","New Divide (Album Version)","44"
"Darius Rucker","Shakira","F","1","Hunt","217.44281","free","Washington-Arlington-Alexandria, DC-VA-MD-WV","83","It Won't Be Like This For Long","84"
"The Strokes","Shakira","F","2","Hunt","230.1122","free","Washington-Arlington-Alexandria, DC-VA-MD-WV","83","Killing Lies","84"
"Los Bunkers","Aleena","F","34","Kirby","209.97179","paid","Waterloo-Cedar Falls, IA","269","Te Vistes Y Te Vas","44"
"Ween","Aleena","F","36","Kirby","242.59873","paid","Waterloo-Cedar Falls, IA","269","I'm Holding You (LP Version)","44"
"Weird Al"" Yankovic","Shakira","F","3","Hunt","170.21342","free","Washington-Arlington-Alexandria, DC-VA-MD-WV","83","White & Nerdy (Parody of ""Ridin'"" by Chamillionaire featuring Krayzie Bone)","84"
"The Moody Blues","Shakira","F","4","Hunt","258.71628","free","Washington-Arlington-Alexandria, DC-VA-MD-WV","83","Tuesday Afternoon","84"
"DESTRUCTION","Aleena","F","37","Kirby","226.97751","paid","Waterloo-Cedar Falls, IA","269","Dictators Of Cruelty","44"
"Carla Bruni","Aleena","F","38","Kirby","163.02975","paid","Waterloo-Cedar Falls, IA","269","Quelqu'un M'a Dit (Album Version)","44"
"En Vogue","Aleena","F","39","Kirby","289.01832","paid","Waterloo-Cedar Falls, IA","269","Don't Let Go (Love)","44"
"Eminem","Aleena","F","40","Kirby","250.8273","paid","Waterloo-Cedar Falls, IA","269","Mockingbird","44"
"Showbread","Aleena","F","45","Kirby","287.29424","paid","Waterloo-Cedar Falls, IA","269","The Missing Wife","44"
"Tracie Spencer","Aleena","F","46","Kirby","272.45669","paid","Waterloo-Cedar Falls, IA","269","My First Broken Heart","44"
"BeyoncÃÂ©","Aleena","F","47","Kirby","261.74649","paid","Waterloo-Cedar Falls, IA","269","Halo","44"
"Jack Johnson","Aleena","F","48","Kirby","207.64689","paid","Waterloo-Cedar Falls, IA","269","Better Together","44"
"Michael BublÃÂ©","Aleena","F","49","Kirby","226.0371","paid","Waterloo-Cedar Falls, IA","269","Smile (Live)","44"
"Epica","Aleena","F","50","Kirby","303.20281","paid","Waterloo-Cedar Falls, IA","269","Martyr of the Free Word","44"
"A Silent Film","Aleena","F","51","Kirby","222.45832","paid","Waterloo-Cedar Falls, IA","269","You Will Leave a Mark","44"
"BjÃÂ¶rk","Aleena","F","52","Kirby","348.57751","paid","Waterloo-Cedar Falls, IA","269","Undo","44"
"Vampire Weekend","Aleena","F","53","Kirby","214.7522","paid","Waterloo-Cedar Falls, IA","269","Cape Cod Kwassa Kwassa (Album)","44"
"Rammstein","Aleena","F","54","Kirby","201.50812","paid","Waterloo-Cedar Falls, IA","269","BÃÂ¼ck Dich","44"
"Junkie XL","Aleena","F","55","Kirby","221.77914","paid","Waterloo-Cedar Falls, IA","269","Broken (featuring Grant Nicholas) (Album Version)","44"
"Third Eye Blind","Aleena","F","56","Kirby","232.77669","paid","Waterloo-Cedar Falls, IA","269","Company","44"
"Evanescence","Aleena","F","57","Kirby","236.12036","paid","Waterloo-Cedar Falls, IA","269","Bring Me To Life","44"
"Jack Johnson","Aleena","F","58","Kirby","65.802","paid","Waterloo-Cedar Falls, IA","269","Cupid","44"
"Fergie","Aleena","F","59","Kirby","240.48281","paid","Waterloo-Cedar Falls, IA","269","Clumsy","44"
"Lily Allen","Aleena","F","61","Kirby","189.98812","paid","Waterloo-Cedar Falls, IA","269","LDN","44"
"The Black Seeds","Aleena","F","62","Kirby","257.98485","paid","Waterloo-Cedar Falls, IA","269","Dance Dance","44"
"Cassie","Aleena","F","63","Kirby","212.1922","paid","Waterloo-Cedar Falls, IA","269","Call U Out (Album Version)","44"
"The Rolling Stones","Aleena","F","64","Kirby","231.78404","paid","Waterloo-Cedar Falls, IA","269","Too Tough (1994 Digital Remaster)","44"
"Eminem","Aleena","F","65","Kirby","251.55873","paid","Waterloo-Cedar Falls, IA","269","Without Me","44"
"Creedence Clearwater Revival","Aleena","F","66","Kirby","175.80363","paid","Waterloo-Cedar Falls, IA","269","Sweet Hitch-Hiker","44"
"Heltah Skeltah","Aleena","F","67","Kirby","165.642","paid","Waterloo-Cedar Falls, IA","269","Place To Be (Explicit)","44"
"Redman","Aleena","F","68","Kirby","251.53261","paid","Waterloo-Cedar Falls, IA","269","Pick It Up","44"
"Camila","Aleena","F","69","Kirby","258.53342","paid","Waterloo-Cedar Falls, IA","269","Alejate De Mi","44"
"Pearl Jam","Ryan","M","1","Smith","67.44771","free","San Jose-Sunnyvale-Santa Clara, CA","268","Encore Break","26"
"Faith No More","Ryan","M","2","Smith","249.86077","free","San Jose-Sunnyvale-Santa Clara, CA","268","Last Cup Of Sorrow","26"
"Liquid Tension Experiment","Aleena","F","70","Kirby","535.35302","paid","Waterloo-Cedar Falls, IA","269","Paradigm Shift","44"
"Fleetwood Mac","Aleena","F","71","Kirby","265.92608","paid","Waterloo-Cedar Falls, IA","269","World Turning (LP Version)","44"
"Creedence Clearwater Revival","Jayden","M","1","Bell","253.90975","free","Dallas-Fort Worth-Arlington, TX","90","Midnight Special","91"
"The Ruts","Aleena","F","72","Kirby","338.96444","paid","Waterloo-Cedar Falls, IA","269","West One (Shine On Me)","44"
"Steve Miller Band","Jayden","M","2","Bell","263.96689","free","Dallas-Fort Worth-Arlington, TX","90","The Joker","91"
"The Kingstonians","Lily","F","0","Burns","172.90404","free","New York-Newark-Jersey City, NY-NJ-PA","263","Winey Winey","32"
"Staind","Aleena","F","73","Kirby","239.5424","paid","Waterloo-Cedar Falls, IA","269","Everything Changes (Album Version)","44"
"Bon Jovi","Jayden","M","3","Bell","224.522","free","Dallas-Fort Worth-Arlington, TX","90","It's My Life","91"
"Chris Brown featuring T-Pain","Aleena","F","74","Kirby","250.67057","paid","Waterloo-Cedar Falls, IA","269","Kiss Kiss","44"
"Regina Spektor","Layla","F","0","Griffin","191.08526","paid","Lake Havasu City-Kingman, AZ","23","The Calculation (Album Version)","24"
"Lamb","Aleena","F","75","Kirby","1031.75791","paid","Waterloo-Cedar Falls, IA","269","Feela","44"
"Octopus Project","Layla","F","1","Griffin","250.95791","paid","Lake Havasu City-Kingman, AZ","23","All Of The Champs That Ever Lived","24"
"Tegan And Sara","Layla","F","2","Griffin","180.06159","paid","Lake Havasu City-Kingman, AZ","23","So Jealous","24"
"Dragonette","Layla","F","3","Griffin","153.39057","paid","Lake Havasu City-Kingman, AZ","23","Okay Dolores","24"
"Lil Wayne / Eminem","Layla","F","4","Griffin","229.58975","paid","Lake Havasu City-Kingman, AZ","23","Drop The World","24"
"Soulja Boy Tell'em","Layla","F","5","Griffin","201.11628","paid","Lake Havasu City-Kingman, AZ","23","Let Me Get Em","24"
"Audio Adrenaline","Kate","F","0","Harrell","202.52689","paid","Lansing-East Lansing, MI","147","Free Ride","97"
"Bodo Wartke","Layla","F","6","Griffin","645.27628","paid","Lake Havasu City-Kingman, AZ","23","Liebeslied (Sprachen: Deutsch_ Englisch_ FranzÃÂ¶sisch_ Italienisch_ Spanisch_ HollÃÂ¤ndisch_ Japanisch_ Russisch_ Griechisch_ Klingonisch_ Hessisch)","24"
"Prince & The New Power Generation [with Eric Leeds on Flute]","Aleena","F","76","Kirby","272.63955","paid","Waterloo-Cedar Falls, IA","269","Gett Off","44"
"The Format","Kate","F","1","Harrell","208.24771","paid","Lansing-East Lansing, MI","147","Inches And Falling (I Love_ Love)","97"
"Black Eyed Peas","Jayden","M","1","Fox","214.93506","free","New Orleans-Metairie, LA","219","Pump It","101"
"Wilco","Kate","F","2","Harrell","188.83873","paid","Lansing-East Lansing, MI","147","Heavy metal drummer","97"
"NOFX","Aleena","F","77","Kirby","54.59546","paid","Waterloo-Cedar Falls, IA","269","Monosyllabic Girl","44"
"Cabaret Voltaire","Chloe","F","1","Cuevas","430.602","free","San Francisco-Oakland-Hayward, CA","274","Playing For Time","49"
"Air","Aleena","F","78","Kirby","244.50567","paid","Waterloo-Cedar Falls, IA","269","Venus","44"
"Coldplay","Kate","F","3","Harrell","249.75628","paid","Lansing-East Lansing, MI","147","Til Kingdom Come","97"
"Rosana","Aleena","F","79","Kirby","330.1873","paid","Waterloo-Cedar Falls, IA","269","Llegaremos a tiempo","44"
"Evanescence","Layla","F","7","Griffin","237.11302","paid","Lake Havasu City-Kingman, AZ","23","Bring Me To Life","24"
"Frumpies","Kate","F","4","Harrell","134.47791","paid","Lansing-East Lansing, MI","147","Fuck Kitty","97"
"Plies","Joseph","M","0","Gutierrez","278.22975","free","Columbia, SC","208","Somebody (Loves You) (Explicit Album Version)","75"
"TitÃÂ£s","Kate","F","5","Harrell","131.00363","paid","Lansing-East Lansing, MI","147","PolÃÂ­cia","97"
"Van Halen","Layla","F","8","Griffin","243.17342","paid","Lake Havasu City-Kingman, AZ","23","Good Enough","24"
"Snow Patrol","Aleena","F","82","Kirby","307.59138","paid","Waterloo-Cedar Falls, IA","269","Engines","44"
"Kiss","Kate","F","6","Harrell","268.30322","paid","Lansing-East Lansing, MI","147","I Was Made For Lovin' You","97"
"The Academy Is...","Layla","F","9","Griffin","209.76281","paid","Lake Havasu City-Kingman, AZ","23","Paper Chase (Album Version)","24"
"The Prodigy","Kate","F","7","Harrell","414.11873","paid","Lansing-East Lansing, MI","147","Weather Experience (Top Buzz Remix)(Remastered)","97"
"Bill Withers","Aleena","F","85","Kirby","383.73832","paid","Waterloo-Cedar Falls, IA","269","Make Love To Your Mind","44"
"Dwight Yoakam","Layla","F","10","Griffin","239.3073","paid","Lake Havasu City-Kingman, AZ","23","You're The One","24"
"The Far East Movement featuring Wiz Khalifa and Bionik","Layla","F","11","Griffin","265.50812","paid","Lake Havasu City-Kingman, AZ","23","Lowridin","24"
"Deep Dish","Kate","F","8","Harrell","439.92771","paid","Lansing-East Lansing, MI","147","Sacramento (Club Mix Edit)","97"
"Amon Amarth","Layla","F","12","Griffin","238.52363","paid","Lake Havasu City-Kingman, AZ","23","The Hero","24"
"Jim White","Kate","F","9","Harrell","396.22485","paid","Lansing-East Lansing, MI","147","Still Waters","97"
"Modest Mouse","Layla","F","13","Griffin","259.47383","paid","Lake Havasu City-Kingman, AZ","23","The Good Times Are Killing Me","24"
"Bad Company","Layla","F","14","Griffin","246.96118","paid","Lake Havasu City-Kingman, AZ","23","Morning Sun","24"
"Five Iron Frenzy","Kate","F","10","Harrell","236.09424","paid","Lansing-East Lansing, MI","147","Canada","97"
"Bodyrox","Layla","F","16","Griffin","490.78812","paid","Lake Havasu City-Kingman, AZ","23","Yeah Yeah","24"
"Louise Attaque","Kate","F","11","Harrell","177.76281","paid","Lansing-East Lansing, MI","147","Est-ce que tu m'aimes encore ?","97"
"The Pussycat Dolls / Busta Rhymes","Kate","F","12","Harrell","272.14322","paid","Lansing-East Lansing, MI","147","Don't Cha","97"
"Thursday","Jacob","M","0","Klein","250.17424","paid","Tampa-St. Petersburg-Clearwater, FL","255","Signals Over The Air","73"
"Alberto Plaza","Layla","F","17","Griffin","291.5522","paid","Lake Havasu City-Kingman, AZ","23","Yo Te Seguire (vivo)","24"
"Amy Winehouse","Sylvie","F","1","Cruz","202.73587","free","Washington-Arlington-Alexandria, DC-VA-MD-WV","272","You Know I'm No Good","10"
"Musiq / DJ Aktive / Carol Riddick","Kate","F","13","Harrell","162.7424","paid","Lansing-East Lansing, MI","147","Soulstar","97"
"Eels","Jacob","M","1","Klein","193.27955","paid","Tampa-St. Petersburg-Clearwater, FL","255","Guest List","73"
"Dwight Yoakam","Kate","F","14","Harrell","239.3073","paid","Lansing-East Lansing, MI","147","You're The One","97"
"matchbox twenty","Layla","F","18","Griffin","225.95873","paid","Lake Havasu City-Kingman, AZ","23","3AM (LP Version)","24"
"Coldplay","Jacob","M","2","Klein","311.27465","paid","Tampa-St. Petersburg-Clearwater, FL","255","The Scientist","73"
"Scissor Sisters","Kate","F","15","Harrell","271.85587","paid","Lansing-East Lansing, MI","147","Take Your Mama","97"
"Rob Zombie","Layla","F","19","Griffin","222.9024","paid","Lake Havasu City-Kingman, AZ","23","Dragula","24"
"Rilo Kiley","Jacob","M","3","Klein","279.06567","paid","Tampa-St. Petersburg-Clearwater, FL","255","A Better Son/Daughter","73"
"Klaus Doldinger's Passport","Layla","F","20","Griffin","460.43383","paid","Lake Havasu City-Kingman, AZ","23","Fairy Tale","24"
"Christian Anders","Kate","F","16","Harrell","334.05342","paid","Lansing-East Lansing, MI","147","Nie Mehr Allein","97"
"Ashanti","Jacob","M","4","Klein","282.46159","paid","Tampa-St. Petersburg-Clearwater, FL","255","VooDoo","73"
"Placebo","Lily","F","0","Burns","324.0224","free","New York-Newark-Jersey City, NY-NJ-PA","280","Passive Aggressive","32"
"Barry Tuckwell/Academy of St Martin-in-the-Fields/Sir Neville Marriner","Kate","F","17","Harrell","277.15873","paid","Lansing-East Lansing, MI","147","Horn Concerto No. 4 in E flat K495: II. Romance (Andante cantabile)","97"
"dEUS","Jacob","M","5","Klein","299.83302","paid","Tampa-St. Petersburg-Clearwater, FL","255","Secret Hell","73"
"Two Door Cinema Club","Layla","F","21","Griffin","175.43791","paid","Lake Havasu City-Kingman, AZ","23","I Can Talk","24"
"J. Karjalainen & Mustat Lasit","Kate","F","18","Harrell","336.74404","paid","Lansing-East Lansing, MI","147","Sinisten tÃÂ¤htien alla","97"
"OneRepublic","Layla","F","22","Griffin","224.67873","paid","Lake Havasu City-Kingman, AZ","23","Secrets","24"
"The Grascals","Jacob","M","6","Klein","224.13016","paid","Tampa-St. Petersburg-Clearwater, FL","255","Where Corn Don't Grow","73"
"Enya","Layla","F","23","Griffin","212.29669","paid","Lake Havasu City-Kingman, AZ","23","Boadicea","24"
"Coldplay","Kate","F","19","Harrell","311.27465","paid","Lansing-East Lansing, MI","147","The Scientist","97"
"Vienna Teng","Jacob","M","7","Klein","204.25098","paid","Tampa-St. Petersburg-Clearwater, FL","255","The Last Snowfall","73"
"Beck","Layla","F","24","Griffin","211.1473","paid","Lake Havasu City-Kingman, AZ","23","Girl","24"
"Chuck Berry","Jacob","M","8","Klein","147.06893","paid","Tampa-St. Petersburg-Clearwater, FL","255","Roll Over Beethoven","73"
"Arkona","Kate","F","20","Harrell","326.94812","paid","Lansing-East Lansing, MI","147","Vosstanie Roda","97"
"Vampire Weekend","Layla","F","25","Griffin","243.04281","paid","Lake Havasu City-Kingman, AZ","23","The Kids Dont Stand A Chance (Album)","24"
"Creed","Jacob","M","9","Klein","295.3922","paid","Tampa-St. Petersburg-Clearwater, FL","255","My Sacrifice","73"
"Bryan Adams","Layla","F","26","Griffin","231.99302","paid","Lake Havasu City-Kingman, AZ","23","Fearless","24"
"Deerhunter","Kate","F","21","Harrell","325.17179","paid","Lansing-East Lansing, MI","147","Neither Of Us_ Uncertainly","97"
"Angels and Airwaves","Jacob","M","10","Klein","259.44771","paid","Tampa-St. Petersburg-Clearwater, FL","255","Sirens","73"
"Incubus","Layla","F","27","Griffin","168.6722","paid","Lake Havasu City-Kingman, AZ","23","I Miss You","24"
"Tab Benoit","Jacob","M","11","Klein","221.09995","paid","Tampa-St. Petersburg-Clearwater, FL","255","Jambalaya","73"
"Franz Ferdinand","Kate","F","22","Harrell","206.28853","paid","Lansing-East Lansing, MI","147","Call Me","97"
"Derek & The Dominos","Layla","F","28","Griffin","382.37995","paid","Lake Havasu City-Kingman, AZ","23","Keep On Growing","24"
"BjÃÂ¶rk","Jacob","M","12","Klein","348.57751","paid","Tampa-St. Petersburg-Clearwater, FL","255","Undo","73"
"Little Tony","Kate","F","23","Harrell","183.84934","paid","Lansing-East Lansing, MI","147","Cuore Matto","97"
"The Police","Kate","F","24","Harrell","289.85424","paid","Lansing-East Lansing, MI","147","So Lonely","97"
"Mariza","Layla","F","29","Griffin","208.77016","paid","Lake Havasu City-Kingman, AZ","23","Loucura","24"
"Say Anything","Jacob","M","13","Klein","208.77016","paid","Tampa-St. Petersburg-Clearwater, FL","255","Walk Through Hell (featuring Max Bemis Acoustic Exclusive)","73"
"Yung Berg","Layla","F","30","Griffin","230.63465","paid","Lake Havasu City-Kingman, AZ","23","Do That There (featuring Dude 'N Nem)","24"
"Supertramp","Kate","F","25","Harrell","273.18812","paid","Lansing-East Lansing, MI","147","Bloody Well Right","97"
"Framing Hanley","Jacob","M","14","Klein","230.08608","paid","Tampa-St. Petersburg-Clearwater, FL","255","Alone In This Bed (Capeside)","73"
"BjÃÂ¶rk","Layla","F","31","Griffin","348.57751","paid","Lake Havasu City-Kingman, AZ","23","Undo","24"
"Wilson Simonal","Kate","F","26","Harrell","146.75546","paid","Lansing-East Lansing, MI","147","Tudo De VocÃÂª","97"
"Pillar","Jacob","M","15","Klein","190.9024","paid","Tampa-St. Petersburg-Clearwater, FL","255","Frontline","73"
"Streetlight Manifesto","Kate","F","27","Harrell","313.18159","paid","Lansing-East Lansing, MI","147","A Moment Of Silence (Album Version)","97"
"Kanye West / T-Pain","Jacob","M","16","Klein","207.04608","paid","Tampa-St. Petersburg-Clearwater, FL","255","Good Life","73"
"George Michael","Layla","F","32","Griffin","276.50567","paid","Lake Havasu City-Kingman, AZ","23","I Want Your Sex","24"
"Garbage","Jacob","M","17","Klein","258.7424","paid","Tampa-St. Petersburg-Clearwater, FL","255","Stupid Girl","73"
"Tom Petty And The Heartbreakers","Kate","F","28","Harrell","180.94975","paid","Lansing-East Lansing, MI","147","You're Gonna Get It (Album Version)","97"
"Max Richter","Layla","F","33","Griffin","193.38404","paid","Lake Havasu City-Kingman, AZ","23","Organum","24"
"The Winans","Kate","F","29","Harrell","385.56689","paid","Lansing-East Lansing, MI","147","Prone To Wander (Album Version)","97"
"Calle 13","Jacob","M","18","Klein","211.06893","paid","Tampa-St. Petersburg-Clearwater, FL","255","Pi-di-di-di","73"
"The Decemberists","Molly","F","0","Taylor","421.85098","free","St. Louis, MO-IL","171","I Was Meant For the Stage","35"
"Mae","Jacob","M","19","Klein","230.13832","paid","Tampa-St. Petersburg-Clearwater, FL","255","We're So Far Away","73"
"Girl Talk","Kate","F","30","Harrell","173.24363","paid","Lansing-East Lansing, MI","147","Give and Go","97"
"Helloween","Jacob","M","20","Klein","309.21098","paid","Tampa-St. Petersburg-Clearwater, FL","255","Where The Rain Grows","73"
"ATB","Molly","F","5","Taylor","248.21506","free","St. Louis, MO-IL","171","Killer","35"
"The Tangent","Kate","F","31","Harrell","270.31465","paid","Lansing-East Lansing, MI","147","After Rubycon (live)","97"
"Turing Machine","Molly","F","6","Taylor","522.762","free","St. Louis, MO-IL","171","Robotronic","35"
"Justin Timberlake","Jacob","M","21","Klein","294.86975","paid","Tampa-St. Petersburg-Clearwater, FL","255","SeÃÂ±orita","73"
"Panic At The Disco","Kate","F","32","Harrell","259.29098","paid","Lansing-East Lansing, MI","147","Behind The Sea [Live In Chicago]","97"
"Me First And The Gimme Gimmes","Jacob","M","22","Klein","145.78893","paid","Tampa-St. Petersburg-Clearwater, FL","255","Good Bye Earl","73"
"Will.I.Am","Kate","F","34","Harrell","236.93016","paid","Lansing-East Lansing, MI","147","Invisible","97"
"Usher","Jacob","M","23","Klein","224.10404","paid","Tampa-St. Petersburg-Clearwater, FL","255","Hey Daddy (Daddy's Home)","73"
"Alicia Keys","Molly","F","7","Taylor","229.0673","free","St. Louis, MO-IL","171","If I Ain't Got You","35"
"The Red Jumpsuit Apparatus","Kate","F","35","Harrell","191.84281","paid","Lansing-East Lansing, MI","147","Face Down (Album Version)","97"
"John Mayer","Jacob","M","24","Klein","201.16853","paid","Tampa-St. Petersburg-Clearwater, FL","255","Waiting On The World To Change","73"
"Florence + The Machine","Kate","F","36","Harrell","131.3171","paid","Lansing-East Lansing, MI","147","Kiss With A Fist","97"
"The Cute Lepers","Jacob","M","25","Klein","195.52608","paid","Tampa-St. Petersburg-Clearwater, FL","255","Prove It","73"
"Bruce Springsteen","Kate","F","37","Harrell","304.43057","paid","Lansing-East Lansing, MI","147","Into The Fire","97"
"Carla Bruni","Sienna","F","0","Colon","163.02975","free","Las Cruces, NM","159","Quelqu'un M'a Dit (Album Version)","81"
"Nando Reis","Jacob","M","26","Klein","245.96853","paid","Tampa-St. Petersburg-Clearwater, FL","255","RelicÃÂ¡rio","73"
"Holly Brook","Kate","F","38","Harrell","250.80118","paid","Lansing-East Lansing, MI","147","All Will Be Forgotten (Album Version)","97"
"Sun Kil Moon","Jayden","M","1","Graves","196.62322","paid","Marinette, WI-MI","231","Tiny Cities Made Of Ashes","25"
"Kid Cudi / Ratatat","Jacob","M","27","Klein","246.72608","paid","Tampa-St. Petersburg-Clearwater, FL","255","Alive (nightmare)","73"
"Panic! At The Disco","Jayden","M","2","Graves","215.92771","paid","Marinette, WI-MI","231","The Only Difference Between Martyrdom and Suicide Is Press Coverage (Tommie Sunshine Brooklyn Fire Remix)","25"
"Eminem","Kate","F","39","Harrell","251.55873","paid","Lansing-East Lansing, MI","147","Without Me","97"
"Huey Lewis & The News","Jacob","M","28","Klein","286.4322","paid","Tampa-St. Petersburg-Clearwater, FL","255","I Want A New Drug","73"
"Deana Carter","Jayden","M","3","Graves","214.5171","paid","Marinette, WI-MI","231","She's Good For You","25"
"Righteous Brothers","Kate","F","40","Harrell","168.75057","paid","Lansing-East Lansing, MI","147","Ebb Tide","97"
"12 Stones","Jayden","M","4","Graves","200.9073","paid","Marinette, WI-MI","231","Adrenaline","25"
"Randy Houser","Jacob","M","29","Klein","171.88526","paid","Tampa-St. Petersburg-Clearwater, FL","255","Boots On","73"
"The Smiths","Kate","F","41","Harrell","123.01016","paid","Lansing-East Lansing, MI","147","Girlfriend In A Coma","97"
"Eagle-Eye Cherry","Kate","F","42","Harrell","242.78159","paid","Lansing-East Lansing, MI","147","Save Tonight","97"
"Bo Hansson","Jacob","M","30","Klein","240.63955","paid","Tampa-St. Petersburg-Clearwater, FL","255","Lothlorien (2002 Digital Remaster)","73"
"Edwyn Collins","Jayden","M","5","Graves","235.91138","paid","Marinette, WI-MI","231","A Girl Like You","25"
"Jesper Kyd","Kate","F","43","Harrell","138.39628","paid","Lansing-East Lansing, MI","147","Ezio In Florence","97"
"Karen Clark Sheard","Jacob","M","31","Klein","220.81261","paid","Tampa-St. Petersburg-Clearwater, FL","255","Good","73"
"Edison Glass","Jayden","M","6","Graves","141.21751","paid","Marinette, WI-MI","231","Let Go","25"
"Coldplay","Kate","F","44","Harrell","244.68853","paid","Lansing-East Lansing, MI","147","Life In Technicolor ii","97"
"Mayday Parade","Jayden","M","7","Graves","241.10975","paid","Marinette, WI-MI","231","I Swear This Time I Mean It (Album Version)","25"
"Alejandro Sanz","Jacob","M","32","Klein","266.84036","paid","Tampa-St. Petersburg-Clearwater, FL","255","Sin que se note","73"
"LMFAO / Lil Jon","Kate","F","45","Harrell","222.17098","paid","Lansing-East Lansing, MI","147","Shots","97"
"New Buffalo","Jayden","M","8","Graves","233.58649","paid","Marinette, WI-MI","231","I've got you and you've got me - song of contentment","25"
"The New Pornographers","Jacob","M","35","Klein","272.71791","paid","Tampa-St. Petersburg-Clearwater, FL","255","Go Places","73"
"Stavento","Kate","F","46","Harrell","512.80934","paid","Lansing-East Lansing, MI","147","Outro","97"
"XTC","Jayden","M","9","Graves","152.89424","paid","Marinette, WI-MI","231","Into The Atom Age (2001 Digital Remaster)","25"
"Usher","Jacob","M","36","Klein","224.10404","paid","Tampa-St. Petersburg-Clearwater, FL","255","Hey Daddy (Daddy's Home)","73"
"Sia","Jayden","M","10","Graves","253.6224","paid","Marinette, WI-MI","231","Little Black Sandals","25"
"Train","Carlos","M","0","Carter","216.76363","free","Miami-Fort Lauderdale-West Palm Beach, FL","125","Hey_ Soul Sister","27"
"Kid Cudi / MGMT / Ratatat","Jacob","M","37","Klein","295.67955","paid","Tampa-St. Petersburg-Clearwater, FL","255","Pursuit Of Happiness (nightmare)","73"
"Smokie Norful","Jayden","M","11","Graves","170.52689","paid","Marinette, WI-MI","231","Chapter 6: Exercise That Muscle","25"
"Radiohead","Kate","F","47","Harrell","261.45914","paid","Lansing-East Lansing, MI","147","Karma Police","97"
"Old 97's","Jayden","M","13","Graves","231.28771","paid","Marinette, WI-MI","231","Victoria (LP Version)","25"
"The Dust Brothers (featuring Tyler Durden)","Jacob","M","38","Klein","211.12118","paid","Tampa-St. Petersburg-Clearwater, FL","255","This Is Your Life (featuring Tyler Durden) (Album Version)","73"
"Plastilina Mosh","Kate","F","48","Harrell","261.45914","paid","Lansing-East Lansing, MI","147","Mr. P-Mosh","97"
"Tree63","Jayden","M","14","Graves","183.84934","paid","Marinette, WI-MI","231","The Answer To The Question","25"
"The Yardbirds","Jacob","M","39","Klein","206.10567","paid","Tampa-St. Petersburg-Clearwater, FL","255","The Train Kept A Rollin'","73"
"Justice","Jayden","M","15","Graves","243.40853","paid","Marinette, WI-MI","231","TTHHEE PPAARRTTYY","25"
"Matt Redman","Jayden","M","16","Graves","298.73587","paid","Marinette, WI-MI","231","This Is How We Know","25"
"NEEDTOBREATHE","Jayden","M","1","Fox","209.8673","free","New Orleans-Metairie, LA","282","Streets Of Gold (Album Version)","101"
"Maximilian Hecker","Jacqueline","F","1","Lynch","295.60118","free","Atlanta-Sandy Springs-Roswell, GA","28","Let Me Out","29"
"KALIMBA","Jayden","M","2","Fox","279.87546","free","New Orleans-Metairie, LA","282","Tu CorazÃÂ³n lo sabe (Lat'n Party)","101"
"The All-American Rejects","Jayden","M","17","Graves","262.24281","paid","Marinette, WI-MI","231","The Wind Blows","25"
"John Prine","Jayden","M","3","Fox","185.96526","free","New Orleans-Metairie, LA","282","Aimless Love","101"
"Dead Prez","Jayden","M","18","Graves","300.17261","paid","Marinette, WI-MI","231","Hip Hop","25"
"Girl Talk","Jayden","M","4","Fox","170.73587","free","New Orleans-Metairie, LA","282","Hold up","101"
"Queens Of The Stone Age","Jayden","M","19","Graves","339.90485","paid","Marinette, WI-MI","231","Misfit Love","25"
"Miguel Calo","Jayden","M","5","Fox","171.17995","free","New Orleans-Metairie, LA","282","El Cuatrero","101"
"Foals","Jayden","M","20","Graves","368.61342","paid","Marinette, WI-MI","231","After Glow","25"
"Alison Krauss","Jayden","M","21","Graves","267.57179","paid","Marinette, WI-MI","231","I Give You To His Heart","25"
"Linkin Park","Jayden","M","23","Graves","289.90649","paid","Marinette, WI-MI","231","Shadow Of The Day (Album Version)","25"
"Vampire Weekend","Jayden","M","0","Fox","137.82159","free","New Orleans-Metairie, LA","296","A-Punk (Album)","101"
"Crystal","Jayden","M","1","Fox","251.97669","free","New Orleans-Metairie, LA","296","VÃÂNDORMADÃÂR","101"
"Plain White T S","Theodore","M","0","Smith","266.94485","free","Houston-The Woodlands-Sugar Land, TX","261","A Lonely September (Album)","52"
"Eddie Cochran","Theodore","M","1","Smith","113.68444","free","Houston-The Woodlands-Sugar Land, TX","261","Mean When I'm Mad","52"
"Justin Bieber","Austin","M","1","Rosales","214.67383","free","New York-Newark-Jersey City, NY-NJ-PA","209","One Time","12"
"Mynt","Celeste","F","2","Williams","166.94812","free","Klamath Falls, OR","52","Playa Haters","53"
"Taylor Swift","Celeste","F","3","Williams","230.47791","free","Klamath Falls, OR","52","You Belong With Me","53"
"Amy Winehouse","Celeste","F","4","Williams","229.85098","free","Klamath Falls, OR","52","Valerie","53"
"Jimmy Eat World","Celeste","F","5","Williams","285.83138","free","Klamath Falls, OR","52","Dizzy","53"
"Maldita Nerea","Anabelle","F","0","Simpson","241.162","free","Philadelphia-Camden-Wilmington, PA-NJ-DE-MD","158","Supelicula","69"
"Fluke","Connar","M","0","Moreno","478.92853","free","Houston-The Woodlands-Sugar Land, TX","168","Bermuda","62"
"Habib KoitÃÂ©","Jayden","M","0","Fox","285.1522","free","New Orleans-Metairie, LA","185","Din Din Wo","101"
"The Kooks","Sara","F","0","Johnson","132.25751","paid","Winston-Salem, NC","152","Eddie's Gun","95"
"Blues Traveler","Sara","F","1","Johnson","290.24608","paid","Winston-Salem, NC","152","Hook","95"
"Coldplay","Sara","F","2","Johnson","298.762","paid","Winston-Salem, NC","152","Shiver","95"
"Tom Petty And The Heartbreakers","Sara","F","3","Johnson","183.01342","paid","Winston-Salem, NC","152","The Wild One_ Forever","95"
"Girl Talk","Sara","F","4","Johnson","173.24363","paid","Winston-Salem, NC","152","Give and Go","95"
"Florence + The Machine","Sara","F","5","Johnson","258.55955","paid","Winston-Salem, NC","152","Cosmic Love","95"
"Three Drives","Sara","F","6","Johnson","411.6371","paid","Winston-Salem, NC","152","Greece 2000","95"
"Jonas Brothers","Sara","F","7","Johnson","192.36526","paid","Winston-Salem, NC","152","Sorry","95"
"Tevin Campbell","Sara","F","8","Johnson","293.04118","paid","Winston-Salem, NC","152","Round And Round (Soul Mix Edit)","95"
"Sting","Sara","F","9","Johnson","257.12281","paid","Winston-Salem, NC","152","Windmills Of Your Mind","95"
"The Champs","Sara","F","10","Johnson","132.0224","paid","Winston-Salem, NC","152","Tequila","95"
"RÃÂ¶yksopp","Sara","F","11","Johnson","214.93506","paid","Winston-Salem, NC","152","Poor Leno Jakatta Radio Mix","95"
"Avenged Sevenfold","Sara","F","12","Johnson","312.11057","paid","Winston-Salem, NC","152","Bat Country (Album Version)","95"
"Sam Cooke","Sara","F","13","Johnson","122.04363","paid","Winston-Salem, NC","152","Ain't Misbehavin","95"
"Apulanta","Sara","F","14","Johnson","219.53261","paid","Winston-Salem, NC","152","Hallaa","95"
"Era","Sara","F","15","Johnson","200.56771","paid","Winston-Salem, NC","152","Cathar Rhythm","95"
"Klaus Badelt","Sylvie","F","1","Cruz","128.62649","free","Washington-Arlington-Alexandria, DC-VA-MD-WV","210","Moonlight Serenade","10"
"Parov Stelar","Sara","F","16","Johnson","281.5473","paid","Winston-Salem, NC","152","KissKiss","95"
"Florence + The Machine","Lily","F","0","Koch","290.48118","paid","Chicago-Naperville-Elgin, IL-IN-WI","199","Rabbit Heart (Raise It Up)","15"
"De La Soul","Sara","F","17","Johnson","221.72689","paid","Winston-Salem, NC","152","Me_ Myself & I","95"
"Lil Wayne / T-Pain","Sara","F","18","Johnson","244.58404","paid","Winston-Salem, NC","152","Got Money","95"
"Cher","Lily","F","1","Koch","167.41832","paid","Chicago-Naperville-Elgin, IL-IN-WI","199","Milord","15"
"Edge Of Dawn","Lily","F","2","Koch","253.72689","paid","Chicago-Naperville-Elgin, IL-IN-WI","199","Losing Ground","15"
"The Black Keys","Sara","F","19","Johnson","223.84281","paid","Winston-Salem, NC","152","Elevator","95"
"Smokie Norful","Lily","F","3","Koch","337.84118","paid","Chicago-Naperville-Elgin, IL-IN-WI","199","I Need You Now (Build A Bridge Version)","15"
"Adam Lambert","Sara","F","20","Johnson","227.39546","paid","Winston-Salem, NC","152","Whataya Want From Me","95"
"Pulp","Sara","F","21","Johnson","208.95302","paid","Winston-Salem, NC","152","Little Girl (With Blue Eyes)","95"
"Alliance Ethnik","Lily","F","4","Koch","265.76934","paid","Chicago-Naperville-Elgin, IL-IN-WI","199","Creil City","15"
"Tricky","Sara","F","22","Johnson","212.79302","paid","Winston-Salem, NC","152","Ponderosa","95"
"John Butler Trio","Lily","F","5","Koch","223.68608","paid","Chicago-Naperville-Elgin, IL-IN-WI","199","Betterman (full-length/album version)","15"
"Culture Club","Sara","F","23","Johnson","282.48771","paid","Winston-Salem, NC","152","Believe (Demo)","95"
"The Temper Trap","Lily","F","6","Koch","192.67873","paid","Chicago-Naperville-Elgin, IL-IN-WI","199","Fader","15"
"La Mosca Tse-Tse","Sara","F","24","Johnson","195.082","paid","Winston-Salem, NC","152","Patadas En El Corazon","95"
"Cute Is What We Aim For","Lily","F","7","Koch","201.22077","paid","Chicago-Naperville-Elgin, IL-IN-WI","199","Finger Twist & Split (Album Version)","15"
"Jack Johnson","Sara","F","25","Johnson","236.72118","paid","Winston-Salem, NC","152","Bubble Toes","95"
"Siriusmo","Lily","F","8","Koch","272.61342","paid","Chicago-Naperville-Elgin, IL-IN-WI","199","Simple","15"
"Creedence Clearwater Revival","Sara","F","26","Johnson","312.89424","paid","Winston-Salem, NC","152","Feelin' Blue","95"
"Alberto Plaza","Lily","F","9","Koch","271.3073","paid","Chicago-Naperville-Elgin, IL-IN-WI","199","No Seas Cruel (vivo)","15"
"Brand New","Sara","F","27","Johnson","188.49914","paid","Winston-Salem, NC","152","Not The Sun","95"
"Sean Lennon","Lily","F","10","Koch","202.97098","paid","Chicago-Naperville-Elgin, IL-IN-WI","199","Into The Sun","15"
"K-OS","Sara","F","28","Johnson","211.33016","paid","Winston-Salem, NC","152","EMCEE Murdah","95"
"Nana Caymmi","Lily","F","11","Koch","251.0624","paid","Chicago-Naperville-Elgin, IL-IN-WI","199","Acercate Mas (2000 Digital Remaster)","15"
"Casino Versus Japan","Sara","F","29","Johnson","86.30812","paid","Winston-Salem, NC","152","Moonlupe","95"
"the bird and the bee","Sara","F","30","Johnson","281.23383","paid","Winston-Salem, NC","152","Ray Gun","95"
"Skyforger","Lily","F","12","Koch","38.94812","paid","Chicago-Naperville-Elgin, IL-IN-WI","199","In the Yard of the Father's Son","15"
"Bryan Ferry","Lily","F","13","Koch","265.87383","paid","Chicago-Naperville-Elgin, IL-IN-WI","199","Slave To Love (1999 Digital Remaster)","15"
"The Black Keys","Sara","F","31","Johnson","196.91057","paid","Winston-Salem, NC","152","All Hands Against His Own","95"
"Foxy Shazam","Lily","F","14","Koch","201.74322","paid","Chicago-Naperville-Elgin, IL-IN-WI","199","Wanna-be Angel (Album Version)","15"
"The Ruts","Sara","F","32","Johnson","338.96444","paid","Winston-Salem, NC","152","West One (Shine On Me)","95"
"Old 97's","Lily","F","15","Koch","231.28771","paid","Chicago-Naperville-Elgin, IL-IN-WI","199","Victoria (LP Version)","15"
"Lonnie Gordon","Lily","F","16","Koch","181.21098","paid","Chicago-Naperville-Elgin, IL-IN-WI","199","Catch You Baby (Steve Pitron & Max Sanna Radio Edit)","15"
"Bon Iver","Sara","F","33","Johnson","220.70812","paid","Winston-Salem, NC","152","For Emma","95"
"Florence + The Machine","Lily","F","17","Koch","219.66322","paid","Chicago-Naperville-Elgin, IL-IN-WI","199","Dog Days Are Over (Radio Edit)","15"
"Glen Washington","Sara","F","34","Johnson","193.82812","paid","Winston-Salem, NC","152","One Of These Days","95"
"Mad Cobra","Lily","F","18","Koch","230.68689","paid","Chicago-Naperville-Elgin, IL-IN-WI","199","Flex","15"
"Dropout Year","Sara","F","35","Johnson","227.36934","paid","Winston-Salem, NC","152","This Notebook","95"
"Flogging Molly","Lily","F","19","Koch","260.75383","paid","Chicago-Naperville-Elgin, IL-IN-WI","199","Punch Drunk Grinning Soul","15"
"Young Rebel Set","Sara","F","36","Johnson","248.55465","paid","Winston-Salem, NC","152","If I Was","95"
"Sneaker Pimps","Lily","F","20","Koch","260.91057","paid","Chicago-Naperville-Elgin, IL-IN-WI","199","Spin Spin Sugar","15"
"Righteous Brothers","Sara","F","37","Johnson","215.90159","paid","Winston-Salem, NC","152","Unchained Melody","95"
"Me First And The Gimme Gimmes","Sara","F","38","Johnson","64.39138","paid","Winston-Salem, NC","152","Jonny's Blessing","95"
"Texas In July","Lily","F","21","Koch","190.69342","paid","Chicago-Naperville-Elgin, IL-IN-WI","199","Aurora","15"
"Alice In Chains","Sara","F","39","Johnson","230.60853","paid","Winston-Salem, NC","152","God Smack","95"
"10 Years","Lily","F","22","Koch","229.95546","paid","Chicago-Naperville-Elgin, IL-IN-WI","199","Wasteland","15"
"Juanes","Lily","F","23","Koch","233.40363","paid","Chicago-Naperville-Elgin, IL-IN-WI","199","No Siento Penas","15"
"Cat Stevens","Sara","F","43","Johnson","200.202","paid","Winston-Salem, NC","152","Wild World","95"
"Passion Pit","Lily","F","24","Koch","174.75873","paid","Chicago-Naperville-Elgin, IL-IN-WI","199","Sleepyhead","15"
"The Temper Trap","Sara","F","44","Johnson","192.67873","paid","Winston-Salem, NC","152","Fader","95"
"OneRepublic","Lily","F","25","Koch","224.67873","paid","Chicago-Naperville-Elgin, IL-IN-WI","199","Secrets","15"
"Diplo","Sara","F","45","Johnson","96.86159","paid","Winston-Salem, NC","152","Florida","95"
"Afro Celt Sound System","Sara","F","46","Johnson","425.01179","paid","Winston-Salem, NC","152","Even In My Dreams","95"
"PeterLicht","Lily","F","26","Koch","306.80771","paid","Chicago-Naperville-Elgin, IL-IN-WI","199","Heiterkeit","15"
"M.A. Numminen","Sara","F","47","Johnson","166.55628","paid","Winston-Salem, NC","152","TULENLIEKKI","95"
"Limp Bizkit","Sara","F","49","Johnson","214.5171","paid","Winston-Salem, NC","152","Rollin' (Air Raid Vehicle)","95"
"Downhere","Sara","F","50","Johnson","230.71302","paid","Winston-Salem, NC","152","In America (Album Version)","95"
"Roots Manuva","Sara","F","51","Johnson","233.92608","paid","Winston-Salem, NC","152","No Love","95"
"Lykke Li","Sara","F","52","Johnson","162.19383","paid","Winston-Salem, NC","152","Let It Fall","95"
"Plan B","Sara","F","53","Johnson","222.82404","paid","Winston-Salem, NC","152","Free","95"
"Octopus Project","Sara","F","54","Johnson","498.33751","paid","Winston-Salem, NC","152","Hypnopaedia","95"
"OneRepublic","Sara","F","55","Johnson","224.67873","paid","Winston-Salem, NC","152","Secrets","95"
"Gilberto Santa Rosa","Sara","F","56","Johnson","272.16934","paid","Winston-Salem, NC","152","La Sigo Amando Tanto","95"
"Eric Clapton","Sara","F","57","Johnson","271.80363","paid","Winston-Salem, NC","152","Tears In Heaven","95"
"ARRESTED DEVELOPMENT","Sara","F","58","Johnson","200.98567","paid","Winston-Salem, NC","152","Fountain Of Youth","95"
"Future Rock","Sara","F","60","Johnson","239.90812","paid","Winston-Salem, NC","152","Gears","95"
"Steppenwolf","Sara","F","61","Johnson","208.14322","paid","Winston-Salem, NC","152","Born To Be Wild","95"
"Jason Mraz & Colbie Caillat","Sara","F","62","Johnson","189.6224","paid","Winston-Salem, NC","152","Lucky (Album Version)","95"
"Leonard Cohen","Sara","F","63","Johnson","298.57914","paid","Winston-Salem, NC","152","The Stranger Song","95"
"Bright Eyes","Ayla","F","0","Johnson","279.09179","free","Santa Rosa, CA","135","Kathy with a K's Song","63"
"The Smiths","Chloe","F","1","Cuevas","196.67546","free","San Francisco-Oakland-Hayward, CA","195","The Boy With The Thorn In His Side","49"
"Quique Gonzalez","Chloe","F","2","Cuevas","214.20363","free","San Francisco-Oakland-Hayward, CA","195","Cuando Eramos Reyes","49"
"Muse","Chloe","F","3","Cuevas","210.46812","free","San Francisco-Oakland-Hayward, CA","195","Pink Ego Box","49"
"Sugarland","Cecilia","F","0","Owens","247.77098","free","Atlanta-Sandy Springs-Roswell, GA","5","Just Might (Make Me Believe)","6"
"A Hope For Home","Cecilia","F","1","Owens","388.38812","free","Atlanta-Sandy Springs-Roswell, GA","5","Absolution: Of Flight and Failure","6"
"N.E.R.D. FEATURING MALICE","Jayden","M","0","Fox","288.9922","free","New Orleans-Metairie, LA","184","Am I High (Feat. Malice)","101"
"Death Cab for Cutie","Stefany","F","1","White","216.42404","free","Lubbock, TX","82","A Lack Of Color (Album Version)","83"
"Tracy Gang Pussy","Stefany","F","2","White","221.33506","free","Lubbock, TX","82","I Have A Wish","83"
"Skillet","Kevin","M","0","Arellano","178.02404","free","Harrisburg-Carlisle, PA","153","Monster (Album Version)","66"
"Dance Gavin Dance","Marina","F","0","Sutton","218.46159","free","Salinas, CA","47","Uneasy Hearts Weigh The Most","48"
"Dalto","Aiden","M","1","Hess","190.40608","free","La Crosse-Onalaska, WI-MN","170","Falta Te Dizer","86"
"Kanye West","Makinley","F","0","Jones","278.88281","free","Chicago-Naperville-Elgin, IL-IN-WI","118","Family Business","17"
"Jason Mraz & Colbie Caillat","Kevin","M","0","Arellano","189.6224","free","Harrisburg-Carlisle, PA","187","Lucky (Album Version)","66"
"Liz Callaway","Lily","F","0","Koch","175.43791","paid","Chicago-Naperville-Elgin, IL-IN-WI","172","Journey To The Past  (LP Version)","15"
"The Decemberists","Lily","F","1","Koch","242.59873","paid","Chicago-Naperville-Elgin, IL-IN-WI","172","Everything I Try to Do_ Nothing Seems to Turn Out Right","15"
"Christina Aguilera","Lily","F","2","Koch","254.48444","paid","Chicago-Naperville-Elgin, IL-IN-WI","172","Impossible","15"
"OneRepublic","Lily","F","3","Koch","224.67873","paid","Chicago-Naperville-Elgin, IL-IN-WI","172","Secrets","15"
"Cat Stevens","Kynnedi","F","1","Sanchez","200.202","free","Cedar Rapids, IA","88","Wild World","89"
"Brett Dennen","Lily","F","4","Koch","179.66975","paid","Chicago-Naperville-Elgin, IL-IN-WI","172","World Keeps Turning","15"
"Godsmack","Lily","F","5","Koch","208.24771","paid","Chicago-Naperville-Elgin, IL-IN-WI","172","Greed","15"
"Anis","Lily","F","6","Koch","246.59546","paid","Chicago-Naperville-Elgin, IL-IN-WI","172","Swing Javanaise","15"
"Tiziano Ferro","Lily","F","7","Koch","251.42812","paid","Chicago-Naperville-Elgin, IL-IN-WI","172","Ed Ero Contentissimo","15"
"Kylie Auldist","Lily","F","8","Koch","265.92608","paid","Chicago-Naperville-Elgin, IL-IN-WI","172","Ship Inside A Bottle","15"
"Benga","Lily","F","9","Koch","286.17098","paid","Chicago-Naperville-Elgin, IL-IN-WI","172","The Cut","15"
"T. Rex","Lily","F","10","Koch","132.85832","paid","Chicago-Naperville-Elgin, IL-IN-WI","172","Ride A White Swan","15"
"Mexican Institute of Sound","Lily","F","11","Koch","278.04689","paid","Chicago-Naperville-Elgin, IL-IN-WI","172","Mirando a Las Muchachas","15"
"Velour 100","Lily","F","12","Koch","202.29179","paid","Chicago-Naperville-Elgin, IL-IN-WI","172","Clouds (Of Color Bright Album Version)","15"
"Maria de Barros","Lily","F","13","Koch","276.29669","paid","Chicago-Naperville-Elgin, IL-IN-WI","172","Riberonzinha","15"
"Toby Keith","Lily","F","14","Koch","177.162","paid","Chicago-Naperville-Elgin, IL-IN-WI","172","Big Blue Note","15"
"Marques Houston","Lily","F","15","Koch","264.98567","paid","Chicago-Naperville-Elgin, IL-IN-WI","172","Naked","15"
"Commit Suicide","Lily","F","16","Koch","105.482","paid","Chicago-Naperville-Elgin, IL-IN-WI","172","In All This Revelation","15"
"Smile Empty Soul","Lily","F","17","Koch","218.61832","paid","Chicago-Naperville-Elgin, IL-IN-WI","172","Bottom of a Bottle (Explicit Album Version)","15"
"Amy Winehouse","Lily","F","18","Koch","221.1522","paid","Chicago-Naperville-Elgin, IL-IN-WI","172","Wake Up Alone","15"
"Eyehategod","Lily","F","19","Koch","155.66322","paid","Chicago-Naperville-Elgin, IL-IN-WI","172","Sisterfucker (part Ii)","15"
"Sunidhi Chauhan / Anu Malik / Jatin Sharma","Lily","F","20","Koch","319.32036","paid","Chicago-Naperville-Elgin, IL-IN-WI","172","Dekh Le","15"
"Blondie","Lily","F","21","Koch","127.73832","paid","Chicago-Naperville-Elgin, IL-IN-WI","172","Little Girl Lies (2001 Digital Remaster)","15"
"She & Him","Lily","F","23","Koch","167.83628","paid","Chicago-Naperville-Elgin, IL-IN-WI","172","Got Me","15"
"The Black Keys","Lily","F","24","Koch","294.76526","paid","Chicago-Naperville-Elgin, IL-IN-WI","172","The Lengths","15"
"Survivor","Lily","F","25","Koch","245.36771","paid","Chicago-Naperville-Elgin, IL-IN-WI","172","Eye Of The Tiger","15"
"Conya Doss","Lily","F","26","Koch","317.98812","paid","Chicago-Naperville-Elgin, IL-IN-WI","172","I Miss You","15"
"Disney Studio Chorus","Lily","F","28","Koch","234.84036","paid","Chicago-Naperville-Elgin, IL-IN-WI","172","Little April Shower","15"
"Dirty Projectors","Lily","F","29","Koch","319.63383","paid","Chicago-Naperville-Elgin, IL-IN-WI","172","Stillness Is The Move","15"
"Boom Bip","Lily","F","30","Koch","330.16118","paid","Chicago-Naperville-Elgin, IL-IN-WI","172","From Left To Right","15"
"Avantasia","Lily","F","31","Koch","368.97914","paid","Chicago-Naperville-Elgin, IL-IN-WI","172","Shelter From The Rain","15"
"Amon Amarth","Lily","F","32","Koch","312.29342","paid","Chicago-Naperville-Elgin, IL-IN-WI","172","North Sea Storm (Live)","15"
"Young Money featuring Lloyd","Lily","F","33","Koch","196.33587","paid","Chicago-Naperville-Elgin, IL-IN-WI","172","BedRock (Radio Edit) (feat.Lloyd)","15"
"Breakbeat Era","Lily","F","34","Koch","326.32118","paid","Chicago-Naperville-Elgin, IL-IN-WI","172","Anti-Everything","15"
"Local Natives","Lily","F","35","Koch","237.92281","paid","Chicago-Naperville-Elgin, IL-IN-WI","172","Airplanes","15"
"Gabriella Cilmi","Lily","F","36","Koch","207.38567","paid","Chicago-Naperville-Elgin, IL-IN-WI","172","Awkward Game","15"
"Minus The Bear","Tegan","F","1","Levine","219.76771","free","Portland-South Portland, ME","165","Knights","80"
"Calle 13 Featuring CafÃÂ© Tacuba","Lily","F","37","Koch","293.32853","paid","Chicago-Naperville-Elgin, IL-IN-WI","172","No Hay Nadie Como TÃÂº","15"
"Frumpies","Aleena","F","0","Kirby","134.47791","paid","Waterloo-Cedar Falls, IA","157","Fuck Kitty","44"
"D-12","Aleena","F","1","Kirby","261.40689","paid","Waterloo-Cedar Falls, IA","157","Barbershop","44"
"Emil Gilels/Orchestre de la SociÃÂ©tÃÂ© des Concerts du Conservatoire/AndrÃÂ© Cluytens","Tegan","F","2","Levine","375.19628","free","Portland-South Portland, ME","165","Piano Concerto No. 2 in G minor Op. 22 (2006 Digital Remaster): III.  Presto","80"
"Dragonette","Lily","F","38","Koch","246.49098","paid","Chicago-Naperville-Elgin, IL-IN-WI","172","Fixin to Thrill","15"
"Pennywise","Mohammad","M","0","Rodriguez","188.26404","free","Sacramento--Roseville--Arden-Arcade, CA","87","The Western World","88"
"Kanye West","Aleena","F","2","Kirby","238.52363","paid","Waterloo-Cedar Falls, IA","157","Flashing Lights","44"
"Flash And The Pan","Lily","F","39","Koch","224.65261","paid","Chicago-Naperville-Elgin, IL-IN-WI","172","Waiting for a Train [Single Mix]","15"
"Washed Out","Tegan","F","3","Levine","168.6722","free","Portland-South Portland, ME","165","New Theory","80"
"Katy Perry","Aleena","F","3","Kirby","179.40853","paid","Waterloo-Cedar Falls, IA","157","I Kissed A Girl","44"
"AFI","Lily","F","40","Koch","198.97424","paid","Chicago-Naperville-Elgin, IL-IN-WI","172","Miss Murder","15"
"Drake / Kanye West / Lil Wayne / Eminem","Aleena","F","4","Kirby","357.66812","paid","Waterloo-Cedar Falls, IA","157","Forever","44"
"The Crests","Lily","F","41","Koch","182.88281","paid","Chicago-Naperville-Elgin, IL-IN-WI","172","16 Candles","15"
"Nirvana","Lily","F","42","Koch","219.08853","paid","Chicago-Naperville-Elgin, IL-IN-WI","172","Come As You Are","15"
"Knights Of The Abyss","Aleena","F","5","Kirby","205.66159","paid","Waterloo-Cedar Falls, IA","157","Dragon Pie","44"
"Binary Star","Lily","F","43","Koch","300.19873","paid","Chicago-Naperville-Elgin, IL-IN-WI","172","Honest Expression","15"
"Nada Surf","Aleena","F","6","Kirby","181.08036","paid","Waterloo-Cedar Falls, IA","157","Whose Authority","44"
"Blank & Jones","Aleena","F","7","Kirby","310.15138","paid","Waterloo-Cedar Falls, IA","157","Beyond Time (Ambient Mix)","44"
"Carnifex","Lily","F","44","Koch","219.89832","paid","Chicago-Naperville-Elgin, IL-IN-WI","172","By Darkness Enslaved","15"
"Bono / Secret Machines","Lily","F","45","Koch","285.43955","paid","Chicago-Naperville-Elgin, IL-IN-WI","172","I Am The Walrus","15"
"Broadcast 2000","Aleena","F","8","Kirby","198.84363","paid","Waterloo-Cedar Falls, IA","157","The View","44"
"Pixies","Aleena","F","9","Kirby","229.3024","paid","Waterloo-Cedar Falls, IA","157","Where Is My Mind?","44"
"Kings Of Leon","Lily","F","46","Koch","242.99057","paid","Chicago-Naperville-Elgin, IL-IN-WI","172","Holy Roller Novocaine","15"
"Arctic Monkeys","Aleena","F","10","Kirby","221.85751","paid","Waterloo-Cedar Falls, IA","157","You Know I'm No Good","44"
"Alliance Ethnik","Lily","F","47","Koch","252.21179","paid","Chicago-Naperville-Elgin, IL-IN-WI","172","ReprÃÂ©sente","15"
"Apocalyptica","Chloe","F","0","Cuevas","409.86077","free","San Francisco-Oakland-Hayward, CA","179","Coma","49"
"Big Tymers","Aleena","F","11","Kirby","256.15628","paid","Waterloo-Cedar Falls, IA","157","Lil Mama","44"
"Pat Green","Lily","F","48","Koch","295.33995","paid","Chicago-Naperville-Elgin, IL-IN-WI","172","Whiskey","15"
"Daughtry","Aleena","F","12","Kirby","249.91302","paid","Waterloo-Cedar Falls, IA","157","No Surprise","44"
"Air","Chloe","F","1","Cuevas","212.21832","free","San Francisco-Oakland-Hayward, CA","179","Playground Love","49"
"Sam Cooke","Lily","F","49","Koch","122.04363","paid","Chicago-Naperville-Elgin, IL-IN-WI","172","Ain't Misbehavin","15"
"Live","Aleena","F","13","Kirby","203.28444","paid","Waterloo-Cedar Falls, IA","157","Deep Enough","44"
"Everclear","Lily","F","50","Koch","222.61506","paid","Chicago-Naperville-Elgin, IL-IN-WI","172","Summerland","15"
"Alison Krauss / Union Station","Aleena","F","14","Kirby","129.67138","paid","Waterloo-Cedar Falls, IA","157","Down To The River To Pray","44"
"The All-American Rejects","Lily","F","51","Koch","239.22893","paid","Chicago-Naperville-Elgin, IL-IN-WI","172","Move Along","15"
"Covenant","Aleena","F","15","Kirby","300.19873","paid","Waterloo-Cedar Falls, IA","157","XRDS","44"
"You Me At Six","Aiden","M","0","Hess","191.13751","free","La Crosse-Onalaska, WI-MN","189","Liquid Confidence","86"
"Motion City Soundtrack","Lily","F","52","Koch","206.34077","paid","Chicago-Naperville-Elgin, IL-IN-WI","172","Everything Is Alright (Album Version)","15"
"FM Static","Lily","F","53","Koch","169.84771","paid","Chicago-Naperville-Elgin, IL-IN-WI","172","Something To Believe In","15"
"Dave Gahan","Lily","F","54","Koch","272.92689","paid","Chicago-Naperville-Elgin, IL-IN-WI","172","Kingdom","15"
"Metallica","Lily","F","55","Koch","319.73832","paid","Chicago-Naperville-Elgin, IL-IN-WI","172","Mama Said","15"
"Dr. Hook","Lily","F","56","Koch","229.77261","paid","Chicago-Naperville-Elgin, IL-IN-WI","172","Sylvia's Mother","15"
"Gotan Project","Lily","F","57","Koch","321.30567","paid","Chicago-Naperville-Elgin, IL-IN-WI","172","Diferente","15"
"Carrie Underwood","Lily","F","58","Koch","221.3873","paid","Chicago-Naperville-Elgin, IL-IN-WI","172","Play On","15"
"Ut","Lily","F","59","Koch","313.86077","paid","Chicago-Naperville-Elgin, IL-IN-WI","172","I.D.","15"
"Lil Wayne / Eminem","Lily","F","60","Koch","229.58975","paid","Chicago-Naperville-Elgin, IL-IN-WI","172","Drop The World","15"
"Damage","Lily","F","61","Koch","263.18322","paid","Chicago-Naperville-Elgin, IL-IN-WI","172","For Your Pleasure","15"
"Rionegro / SolimÃÂµes","Lily","F","62","Koch","280.92036","paid","Chicago-Naperville-Elgin, IL-IN-WI","172","De SÃÂ£o Paulo ÃÂ BelÃÂ©m","15"
"Drive-By Truckers","Lily","F","63","Koch","246.22975","paid","Chicago-Naperville-Elgin, IL-IN-WI","172","Outfit","15"
"Tweet","Lily","F","64","Koch","256.39138","paid","Chicago-Naperville-Elgin, IL-IN-WI","172","Smoking Cigarettes (LP Version)","15"
"Ben Folds Five","Lily","F","65","Koch","207.882","paid","Chicago-Naperville-Elgin, IL-IN-WI","172","Steven's Last Night In Town","15"
"Glen Hansard","Lily","F","66","Koch","239.59465","paid","Chicago-Naperville-Elgin, IL-IN-WI","172","Lies","15"
"Chevelle","Adler","M","0","Barrera","389.85098","free","New York-Newark-Jersey City, NY-NJ-PA","174","Dos (LP Version)","100"
"Bill Withers","Lily","F","67","Koch","383.73832","paid","Chicago-Naperville-Elgin, IL-IN-WI","172","Make Love To Your Mind","15"
"Jorge Drexler","Adler","M","1","Barrera","272.14322","free","New York-Newark-Jersey City, NY-NJ-PA","174","Salvapantallas","100"
"Michael Bolton","Lily","F","68","Koch","255.65995","paid","Chicago-Naperville-Elgin, IL-IN-WI","172","How Am I Supposed To Live Without You","15"
"The Mercury Program","Adler","M","2","Barrera","449.12281","free","New York-Newark-Jersey City, NY-NJ-PA","174","Marianas","100"
"Duran Duran","Lily","F","69","Koch","321.88036","paid","Chicago-Naperville-Elgin, IL-IN-WI","172","The Seventh Stranger","15"
"Little Boots","Lily","F","70","Koch","195.94404","paid","Chicago-Naperville-Elgin, IL-IN-WI","172","Meddle","15"
"Johnossi","Lily","F","71","Koch","174.2624","paid","Chicago-Naperville-Elgin, IL-IN-WI","172","Glory Days To Come","15"
"BjÃÂ¶rk","Lily","F","72","Koch","348.57751","paid","Chicago-Naperville-Elgin, IL-IN-WI","172","Undo","15"
"Black Eyed Peas","Lily","F","73","Koch","226.37669","paid","Chicago-Naperville-Elgin, IL-IN-WI","172","Hey Mama","15"
"DecembeRadio","Lily","F","74","Koch","249.62567","paid","Chicago-Naperville-Elgin, IL-IN-WI","172","Find You Waiting","15"
"Bonobo","Lily","F","75","Koch","270.41914","paid","Chicago-Naperville-Elgin, IL-IN-WI","172","1009","15"
"Five Iron Frenzy","Tegan","F","1","Levine","236.09424","free","Portland-South Portland, ME","194","Canada","80"
"Morcheeba","Tegan","F","2","Levine","347.71546","free","Portland-South Portland, ME","194","The Sea","80"
"The Avett Brothers","Tegan","F","3","Levine","307.9571","free","Portland-South Portland, ME","194","All My Mistakes (US4BW0700133)","80"
"Dave Darell","Aiden","M","0","Hess","217.33832","free","La Crosse-Onalaska, WI-MN","197","Children","86"
"Priestess","Ryan","M","1","Smith","190.45832","free","San Jose-Sunnyvale-Santa Clara, CA","183","Talk To Her","26"
"Arcade Fire","Ryan","M","2","Smith","169.19465","free","San Jose-Sunnyvale-Santa Clara, CA","183","I'm Sleeping In A Submarine","26"
"Daft Punk","Ryan","M","3","Smith","211.69587","free","San Jose-Sunnyvale-Santa Clara, CA","183","Crescendolls","26"
"Nickel Creek","Ryan","M","4","Smith","255.13751","free","San Jose-Sunnyvale-Santa Clara, CA","183","When In Rome","26"
"Squeeze","Ryan","M","5","Smith","229.56363","free","San Jose-Sunnyvale-Santa Clara, CA","183","Footprints","26"
"Creedence Clearwater Revival","Samuel","M","0","Gonzalez","175.80363","free","Houston-The Woodlands-Sugar Land, TX","60","Sweet Hitch-Hiker","61"
"Kierra Sheard","Samuel","M","1","Gonzalez","299.02322","free","Houston-The Woodlands-Sugar Land, TX","60","Love Like Crazy (Extended Mix)","61"
"Greg Laswell","Mohammad","M","1","Rodriguez","251.08853","free","Sacramento--Roseville--Arden-Arcade, CA","193","Comes And Goes ( In Waves )","88"
"Pavement","Mohammad","M","3","Rodriguez","99.16036","free","Sacramento--Roseville--Arden-Arcade, CA","193","Mercy:The Laundromat","88"
"Sixx A.M.","Mohammad","M","4","Rodriguez","280.58077","free","Sacramento--Roseville--Arden-Arcade, CA","193","Courtesy Call (Explicit)","88"
"Leonard Cohen","Mohammad","M","5","Rodriguez","267.67628","free","Sacramento--Roseville--Arden-Arcade, CA","193","I'm Your Man","88"
"The Tallest Man On Earth","Joseph","M","0","Gutierrez","203.62404","free","Columbia, SC","167","The Wild Hunt","75"
"My Chemical Romance","Joseph","M","1","Gutierrez","161.90649","free","Columbia, SC","167","Teenagers (Album Version)","75"
"Wendy Rene","Joseph","M","2","Gutierrez","182.46485","free","Columbia, SC","167","After Laughter (Comes Tears) (LP Version)","75"
"Jack Johnson / Paula Fuga","Joseph","M","3","Gutierrez","178.33751","free","Columbia, SC","167","Country Road","75"
"Tub Ring","Joseph","M","4","Gutierrez","233.69098","free","Columbia, SC","167","Invalid","75"
"No Doubt","Mohammad","M","0","Rodriguez","44.93016","free","Sacramento--Roseville--Arden-Arcade, CA","205","BND","88"
"Katy Perry","Mohammad","M","1","Rodriguez","179.40853","free","Sacramento--Roseville--Arden-Arcade, CA","205","I Kissed A Girl","88"
"Neutral Milk Hotel","Joseph","M","5","Gutierrez","248.37179","free","Columbia, SC","167","Ghost","75"
"Dwight Yoakam","Ava","F","0","Robinson","239.3073","free","New Haven-Milford, CT","156","You're The One","50"
"Ella Fitzgerald","Joseph","M","6","Gutierrez","427.15383","free","Columbia, SC","167","On Green Dolphin Street (Medley) (1999 Digital Remaster)","75"
"Tony Rohr","Ava","F","1","Robinson","403.09506","free","New Haven-Milford, CT","156","Van Comp","50"
"Braid","Joseph","M","7","Gutierrez","222.74567","free","Columbia, SC","167","Divers","75"
"Fourmost","Joseph","M","8","Gutierrez","113.6322","free","Columbia, SC","167","Hello Little Girl","75"
"Catupecu Machu","Joseph","M","9","Gutierrez","212.32281","free","Columbia, SC","167","Hormigas","75"
"Creed","Joseph","M","10","Gutierrez","329.87383","free","Columbia, SC","167","Weathered","75"
"Ennio Morricone","Joseph","M","11","Gutierrez","215.01342","free","Columbia, SC","167","Chi Mai (El Profesional)","75"
"Down To The Bone","Sylvie","F","0","Cruz","333.76608","free","Washington-Arlington-Alexandria, DC-VA-MD-WV","182","Keep On Keepin' On","10"
"Three Drives","Sylvie","F","1","Cruz","411.6371","free","Washington-Arlington-Alexandria, DC-VA-MD-WV","182","Greece 2000","10"
"Sebastien Tellier","Sylvie","F","2","Cruz","377.73016","free","Washington-Arlington-Alexandria, DC-VA-MD-WV","182","Kilometer","10"
"Lonnie Gordon","Sylvie","F","3","Cruz","181.21098","free","Washington-Arlington-Alexandria, DC-VA-MD-WV","182","Catch You Baby (Steve Pitron & Max Sanna Radio Edit)","10"
"Charttraxx Karaoke","Ava","F","0","Robinson","225.17506","free","New Haven-Milford, CT","207","Fireflies","50"
"Ska-P","Ava","F","1","Robinson","220.21179","free","New Haven-Milford, CT","207","NiÃÂ±o Soldado","50"
"Dwight Yoakam","Ava","F","2","Robinson","239.3073","free","New Haven-Milford, CT","207","You're The One","50"
"Radiohead","Ayleen","F","0","Wise","130.82077","free","Columbia, SC","70","Pop Is Dead","71"
"Scouting for Girls","Ayleen","F","1","Wise","201.1424","free","Columbia, SC","70","The Mountains Of Navaho","71"
"Alliance Ethnik","Ayleen","F","2","Wise","195.94404","free","Columbia, SC","70","SinceritÃÂ© Et Jalousie","71"
"OutKast","Ayleen","F","3","Wise","227.52608","free","Columbia, SC","70","Ova Da Wudz","71"
"Bloodhound Gang","Kaleb","M","0","Cook","260.20526","free","Yuba City, CA","53","Uhn Tiss Uhn Tiss Uhn Tiss","54"
"Rammstein","Isaac","M","0","Valdez","228.46649","free","Saginaw, MI","112","Adios","3"
"Gershon Kingsley","Isaac","M","1","Valdez","146.57261","free","Saginaw, MI","112","Pop Corn","3"
"The Rakes","Isaac","M","2","Valdez","150.59546","free","Saginaw, MI","112","Strasbourg","3"
"Des'ree","Kaylee","F","1","Summers","246.30812","free","Phoenix-Mesa-Scottsdale, AZ","139","You Gotta Be","8"
"Mr Oizo","Kaylee","F","3","Summers","144.03873","free","Phoenix-Mesa-Scottsdale, AZ","139","Flat 55","8"
"Tamba Trio","Kaylee","F","4","Summers","177.18812","free","Phoenix-Mesa-Scottsdale, AZ","139","Quem Quiser Encontrar O Amor","8"
"The Mars Volta","Kaylee","F","5","Summers","380.42077","free","Phoenix-Mesa-Scottsdale, AZ","139","Eriatarka","8"
"Infected Mushroom","Kaylee","F","6","Summers","440.2673","free","Phoenix-Mesa-Scottsdale, AZ","139","Becoming Insane","8"
"Blue October / Imogen Heap","Kaylee","F","7","Summers","241.3971","free","Phoenix-Mesa-Scottsdale, AZ","139","Congratulations","8"
"Girl Talk","Kaylee","F","8","Summers","160.15628","free","Phoenix-Mesa-Scottsdale, AZ","139","Once again","8"
"Black Eyed Peas","Sylvie","F","0","Cruz","214.93506","free","Washington-Arlington-Alexandria, DC-VA-MD-WV","9","Pump It","10"
"Fall Out Boy","Ryan","M","1","Smith","200.72444","free","San Jose-Sunnyvale-Santa Clara, CA","169","Nobody Puts Baby In The Corner","26"
"M.I.A.","Ryan","M","2","Smith","233.7171","free","San Jose-Sunnyvale-Santa Clara, CA","169","Mango Pickle Down River (With The Wilcannia Mob)","26"
"Survivor","Jayden","M","0","Fox","245.36771","free","New Orleans-Metairie, LA","100","Eye Of The Tiger","101"
"Miami Horror","Kate","F","88","Harrell","250.8273","paid","Lansing-East Lansing, MI","293","Sometimes","97"
"The White Stripes","Kate","F","89","Harrell","241.8673","paid","Lansing-East Lansing, MI","293","My Doorbell (Album Version)","97"
"Juan Carmona","Kate","F","90","Harrell","331.44118","paid","Lansing-East Lansing, MI","293","Panales de Algodon","97"
"Alison Krauss / Union Station","Kate","F","91","Harrell","171.04934","paid","Lansing-East Lansing, MI","293","Restless","97"
"Bullet For My Valentine","Kate","F","92","Harrell","235.65016","paid","Lansing-East Lansing, MI","293","Begging For Mercy","97"
"BjÃÂ¶rk","Kate","F","93","Harrell","348.57751","paid","Lansing-East Lansing, MI","293","Undo","97"
"Kanye West","Kate","F","94","Harrell","198.47791","paid","Lansing-East Lansing, MI","293","Celebration","97"
"Amy Winehouse","Ayla","F","0","Johnson","231.52281","free","Santa Rosa, CA","223","Stronger Than Me","63"
"Saosin","Kate","F","95","Harrell","238.10567","paid","Lansing-East Lansing, MI","293","You're Not Alone","97"
"Gorillaz","Kate","F","96","Harrell","195.44771","paid","Lansing-East Lansing, MI","293","Last Living Souls","97"
"World Inferno/Friendship Society_ The","Kate","F","97","Harrell","125.83138","paid","Lansing-East Lansing, MI","293","Everybody Comes to Rick's","97"
"Fall Out Boy","Kate","F","98","Harrell","172.01587","paid","Lansing-East Lansing, MI","293","Don't You Know Who I Think I Am?","97"
"Lonnie Gordon","Kate","F","99","Harrell","181.21098","paid","Lansing-East Lansing, MI","293","Catch You Baby (Steve Pitron & Max Sanna Radio Edit)","97"
"Crystal Castles","Kate","F","100","Harrell","213.05424","paid","Lansing-East Lansing, MI","293","Not In Love","97"
"Cage The Elephant","Kate","F","101","Harrell","175.12444","paid","Lansing-East Lansing, MI","293","Ain't No Rest For The Wicked (Original Version)","97"
"Rick Ross","Kate","F","102","Harrell","277.36771","paid","Lansing-East Lansing, MI","293","Luxury Tax","97"
"Lovehatehero","Kaylee","F","0","Summers","216.65914","free","Phoenix-Mesa-Scottsdale, AZ","181","Red Dress","8"
"Justin Bieber","Kaylee","F","1","Summers","264.35873","free","Phoenix-Mesa-Scottsdale, AZ","181","Never Let You Go","8"
"Zero 7","Kaylee","F","2","Summers","199.96689","free","Phoenix-Mesa-Scottsdale, AZ","181","You're My Flame [Album Version]","8"
"Yeah Yeah Yeahs","Kaylee","F","3","Summers","220.96934","free","Phoenix-Mesa-Scottsdale, AZ","181","Heads Will Roll","8"
"4 Skins","Kaylee","F","4","Summers","165.51138","free","Phoenix-Mesa-Scottsdale, AZ","181","Clockwork Skinhead","8"
"Anne-Lie RydÃÂ©","Wyatt","M","0","Scott","176.90077","free","Eureka-Arcata-Fortuna, CA","8","SÃÂ¥n't ÃÂr Livet (You Can Have Her) (2002 Digital Remaster)","9"
"The Smiths","Wyatt","M","1","Scott","242.9122","free","Eureka-Arcata-Fortuna, CA","8","There Is A Light That Never Goes Out","9"
"Metallica","Wyatt","M","2","Scott","515.21261","free","Eureka-Arcata-Fortuna, CA","8","Master Of Puppets","9"
"Flight Of The Conchords","Kynnedi","F","0","Sanchez","148.55791","free","Cedar Rapids, IA","192","Too Many Dicks (On The Dance Floor)","89"
"In Flames","Kynnedi","F","1","Sanchez","255.76444","free","Cedar Rapids, IA","192","Come Clarity","89"
"Juan Carlos Baglietto","Wyatt","M","3","Scott","221.80526","free","Eureka-Arcata-Fortuna, CA","8","Cuando","9"
"Juan Carlos Baglietto","Wyatt","M","4","Scott","285.64853","free","Eureka-Arcata-Fortuna, CA","8","Era En Abril","9"
"Saliva","Ava","F","0","Robinson","252.44689","free","New Haven-Milford, CT","313","Click Click Boom","50"
"Soul II Soul","Jayden","M","0","Fox","239.67302","free","New Orleans-Metairie, LA","298","How Long","101"
"Los Rodriguez","Ava","F","1","Robinson","205.21751","free","New Haven-Milford, CT","313","Enganchate Conmigo","50"
"Twista feat. Kayne West & Jamie Foxx","Ava","F","2","Robinson","212.55791","free","New Haven-Milford, CT","313","Slow Jamz (Feat. Kanye West & Jamie Foxx) (Edited Album Version)","50"
"Slim Cessna's Auto Club","Ava","F","3","Robinson","333.37424","free","New Haven-Milford, CT","313","Unto The Day","50"
"Philippe Rochard","Theodore","M","0","Harris","360.51546","free","Red Bluff, CA","162","Crumpshit","14"
"Mike And The Mechanics","Theodore","M","1","Harris","275.12118","free","Red Bluff, CA","162","A Beggar On A Beach Of Gold","14"
"No Doubt","Theodore","M","2","Harris","213.31546","free","Red Bluff, CA","162","Hey You","14"
"The White Stripes","Sylvie","F","3","Cruz","231.81016","free","Washington-Arlington-Alexandria, DC-VA-MD-WV","286","Seven Nation Army (Album Version)","10"
"Oscar Peterson","Theodore","M","3","Harris","516.70159","free","Red Bluff, CA","162","Nighttime","14"
"Jem","Adler","M","0","Barrera","242.18077","free","New York-Newark-Jersey City, NY-NJ-PA","301","Amazing Life","100"
"Jagged Edge featuring Run of Run DMC","Adler","M","1","Barrera","248.37179","free","New York-Newark-Jersey City, NY-NJ-PA","301","Let's Get Married","100"
"Arctic Monkeys","Tegan","F","1","Levine","152.60689","free","Portland-South Portland, ME","329","Baby I'm Yours","80"
"Pixies","Ava","F","1","Robinson","89.36444","free","New Haven-Milford, CT","338","Build High","50"
"The Roots / Jack Davey","Ava","F","2","Robinson","155.95057","free","New Haven-Milford, CT","338","Atonement","50"
"Mike And The Mechanics","Ava","F","3","Robinson","275.12118","free","New Haven-Milford, CT","338","A Beggar On A Beach Of Gold","50"
"Faithless","Ava","F","4","Robinson","495.3073","free","New Haven-Milford, CT","338","Music Matters (Mark Knight Dub)","50"
"Kings Of Leon","Aiden","M","0","Hess","227.13424","free","La Crosse-Onalaska, WI-MN","204","Be Somebody","86"
"Vader","Sylvie","F","1","Cruz","128.91383","free","Washington-Arlington-Alexandria, DC-VA-MD-WV","339","Carnal","10"
"Wu-Tang Clan","Sylvie","F","2","Cruz","122.46159","free","Washington-Arlington-Alexandria, DC-VA-MD-WV","339","Impossible","10"
"Matt Nathanson","Kevin","M","1","Arellano","187.03628","free","Harrisburg-Carlisle, PA","319","Bare","66"
"Lily Allen","Kevin","M","2","Arellano","194.76853","free","Harrisburg-Carlisle, PA","319","Smile","66"
"Harmonia","Aleena","F","0","Kirby","655.77751","paid","Waterloo-Cedar Falls, IA","285","Sehr kosmisch","44"
"Avril Lavigne","Lily","F","1","Koch","239.90812","paid","Chicago-Naperville-Elgin, IL-IN-WI","221","Keep Holding On","15"
"White Lion","Lily","F","2","Koch","378.93179","paid","Chicago-Naperville-Elgin, IL-IN-WI","221","When The Children Cry","15"
"Lifehouse","Lily","F","3","Koch","195.47383","paid","Chicago-Naperville-Elgin, IL-IN-WI","221","You And Me (Wedding Version)","15"
"Entombed","Aleena","F","1","Kirby","237.73995","paid","Waterloo-Cedar Falls, IA","285","Stranger Aeons","44"
"Miley Cyrus","Lily","F","4","Koch","236.85179","paid","Chicago-Naperville-Elgin, IL-IN-WI","221","The Climb","15"
"Ray Barretto","Aleena","F","2","Kirby","251.79383","paid","Waterloo-Cedar Falls, IA","285","Indestructible","44"
"Syd Barrett","Lily","F","5","Koch","332.32934","paid","Chicago-Naperville-Elgin, IL-IN-WI","221","Lanky (Part One)","15"
"Thievery Corporation","Aleena","F","3","Kirby","225.85424","paid","Waterloo-Cedar Falls, IA","285","Racing East","44"
"Jack Johnson","Aleena","F","5","Kirby","210.85995","paid","Waterloo-Cedar Falls, IA","285","Angel","44"
"Todd Barry","Lily","F","6","Koch","126.82404","paid","Chicago-Naperville-Elgin, IL-IN-WI","221","Sugar Ray (LP Version)","15"
"Eddie Vedder","Lily","F","7","Koch","164.17914","paid","Chicago-Naperville-Elgin, IL-IN-WI","221","Guaranteed","15"
"Arcade Fire","Aleena","F","6","Kirby","343.69261","paid","Waterloo-Cedar Falls, IA","285","No Cars Go","44"
"Cartola","Lily","F","8","Koch","188.65587","paid","Chicago-Naperville-Elgin, IL-IN-WI","221","Verde Que Te Quero Rosa","15"
"India.Arie","Lily","F","9","Koch","212.13995","paid","Chicago-Naperville-Elgin, IL-IN-WI","221","Good Man","15"
"Avril Lavigne","Aleena","F","7","Kirby","212.40118","paid","Waterloo-Cedar Falls, IA","285","Tomorrow","44"
"Dwight Yoakam","Morris","M","2","Gilmore","239.3073","free","Raleigh, NC","177","You're The One","23"
"BeyoncÃÂ©","Lily","F","10","Koch","261.74649","paid","Chicago-Naperville-Elgin, IL-IN-WI","221","Halo","15"
"Franz Ferdinand","Lily","F","11","Koch","247.24853","paid","Chicago-Naperville-Elgin, IL-IN-WI","221","Take Me Out","15"
"Leggo Beast","Lily","F","12","Koch","321.93261","paid","Chicago-Naperville-Elgin, IL-IN-WI","221","Itchy Feet","15"
"Daft Punk","Lily","F","13","Koch","369.34485","paid","Chicago-Naperville-Elgin, IL-IN-WI","221","Aerodynamic (Daft Punk Remix)","15"
"Interpol","Lily","F","14","Koch","247.66649","paid","Chicago-Naperville-Elgin, IL-IN-WI","221","Narc","15"
"Sl2","Lily","F","15","Koch","329.89995","paid","Chicago-Naperville-Elgin, IL-IN-WI","221","On A Ragga Tip","15"
"Newsboys","Jacqueline","F","0","Lynch","381.67465","free","Atlanta-Sandy Springs-Roswell, GA","295","It Is You - Live","29"
"Montgomery Gentry","Lily","F","16","Koch","202.50077","paid","Chicago-Naperville-Elgin, IL-IN-WI","221","While You're Still Young","15"
"10cc","Lily","F","17","Koch","300.40771","paid","Chicago-Naperville-Elgin, IL-IN-WI","221","Hotel","15"
"Booka Shade","Jacqueline","F","1","Lynch","369.97179","free","Atlanta-Sandy Springs-Roswell, GA","295","shimmer","29"
"Metallica","Shakira","F","1","Hunt","515.21261","free","Washington-Arlington-Alexandria, DC-VA-MD-WV","277","Master Of Puppets","84"
"B.o.B","Lily","F","18","Koch","269.63546","paid","Chicago-Naperville-Elgin, IL-IN-WI","221","Nothin' On You [feat. Bruno Mars] (Album Version)","15"
"John Mayer","Jacqueline","F","2","Lynch","267.38893","free","Atlanta-Sandy Springs-Roswell, GA","295","Why Georgia","29"
"The Specials","Lily","F","19","Koch","218.06975","paid","Chicago-Naperville-Elgin, IL-IN-WI","221","Ghost Town","15"
"Ol' Dirty Bastard","Lily","F","20","Koch","217.49506","paid","Chicago-Naperville-Elgin, IL-IN-WI","221","Brooklyn Zoo [Explicit Version]","15"
"Jack Johnson","Lily","F","21","Koch","236.72118","paid","Chicago-Naperville-Elgin, IL-IN-WI","221","Bubble Toes","15"
"Radiohead","Lily","F","22","Koch","208.61342","paid","Chicago-Naperville-Elgin, IL-IN-WI","221","You","15"
"Fall Out Boy","Lily","F","23","Koch","202.37016","paid","Chicago-Naperville-Elgin, IL-IN-WI","221","Nobody Puts Baby In The Corner","15"
"Lily Allen","Lily","F","24","Koch","201.1424","paid","Chicago-Naperville-Elgin, IL-IN-WI","221","Not Fair (Clean Radio Edit)","15"
"Polyphonic Spree","Lily","F","25","Koch","2190.94159","paid","Chicago-Naperville-Elgin, IL-IN-WI","221","Section Ten","15"
"Los Del Rio","Jizelle","F","1","Benjamin","249.49506","free","Plymouth, IN","323","Macarena","2"
"Alliance Ethnik","Lily","F","26","Koch","252.21179","paid","Chicago-Naperville-Elgin, IL-IN-WI","221","ReprÃÂ©sente","15"
"Shinedown","Ryan","M","0","Smith","220.39465","free","San Jose-Sunnyvale-Santa Clara, CA","346","Second Chance (Album Version)","26"
"Linkin Park","Lily","F","27","Koch","189.28281","paid","Chicago-Naperville-Elgin, IL-IN-WI","221","Given Up (Album Version)","15"
"Poisonblack","Lily","F","28","Koch","234.78812","paid","Chicago-Naperville-Elgin, IL-IN-WI","221","Nothing Else ReMayns","15"
"The Radio Dept.","Lily","F","29","Koch","241.76281","paid","Chicago-Naperville-Elgin, IL-IN-WI","221","Your Father","15"
"Gwen Stefani / Andre 3000","Lily","F","30","Koch","274.02404","paid","Chicago-Naperville-Elgin, IL-IN-WI","221","Long Way To Go","15"
"Shinedown","Lily","F","31","Koch","253.59628","paid","Chicago-Naperville-Elgin, IL-IN-WI","221","The Crow & The Butterfly (Album Version)","15"
"Sunnyland Slim","Lily","F","32","Koch","233.97832","paid","Chicago-Naperville-Elgin, IL-IN-WI","221","Slim's Shout","15"
"Lou Bega","Lily","F","34","Koch","220.13342","paid","Chicago-Naperville-Elgin, IL-IN-WI","221","Mambo No. 5 (A Little Bit Of...)","15"
"Nevermore","Lily","F","35","Koch","320.57424","paid","Chicago-Naperville-Elgin, IL-IN-WI","221","Matricide","15"
"Radiohead","Lily","F","36","Koch","323.5522","paid","Chicago-Naperville-Elgin, IL-IN-WI","221","There_ There","15"
"Band Of Horses","Lily","F","37","Koch","256.522","paid","Chicago-Naperville-Elgin, IL-IN-WI","221","Ode to LRC (Album)","15"
"Evanescence","Lily","F","38","Koch","263.78404","paid","Chicago-Naperville-Elgin, IL-IN-WI","221","My Immortal (Album Version)","15"
"Eminem","Lily","F","39","Koch","250.8273","paid","Chicago-Naperville-Elgin, IL-IN-WI","221","Mockingbird","15"
"Chi-Lites","Lily","F","40","Koch","256.83546","paid","Chicago-Naperville-Elgin, IL-IN-WI","221","A Letter To Myself","15"
"Hombres G","Lily","F","41","Koch","131.52608","paid","Chicago-Naperville-Elgin, IL-IN-WI","221","Multiplicados por nueve","15"
"Jazzanova / Ben Westbeech","Lily","F","42","Koch","210.83383","paid","Chicago-Naperville-Elgin, IL-IN-WI","221","I Can See","15"
"Pleasure P","Lily","F","43","Koch","211.56526","paid","Chicago-Naperville-Elgin, IL-IN-WI","221","Let Me (Amended Album Version)","15"
"MGMT","Lily","F","44","Koch","264.17587","paid","Chicago-Naperville-Elgin, IL-IN-WI","221","Time To Pretend","15"
"Kaoma","Lily","F","45","Koch","206.57587","paid","Chicago-Naperville-Elgin, IL-IN-WI","221","Lambada","15"
"Buena Vista Social Club","Lily","F","46","Koch","221.90975","paid","Chicago-Naperville-Elgin, IL-IN-WI","221","Chan Chan (Live)","15"
"Bullet For My Valentine","Lily","F","47","Koch","348.39465","paid","Chicago-Naperville-Elgin, IL-IN-WI","221","Tears Don't Fall","15"
"Pygmy Lush","Lily","F","48","Koch","143.28118","paid","Chicago-Naperville-Elgin, IL-IN-WI","221","Red Room Blues","15"
"Flight Of The Conchords","Lily","F","49","Koch","21.68118","paid","Chicago-Naperville-Elgin, IL-IN-WI","221","Au Revoir (Album Version)","15"
"Angels and Airwaves","Lily","F","50","Koch","302.05342","paid","Chicago-Naperville-Elgin, IL-IN-WI","221","The Gift","15"
"The Blues Brothers","Lily","F","51","Koch","162.32444","paid","Chicago-Naperville-Elgin, IL-IN-WI","221","(I Got Everything I Need) Almost (Live Version)","15"
"Carlos Santana & Mahavishnu John McLaughlin","Lily","F","53","Koch","466.28526","paid","Chicago-Naperville-Elgin, IL-IN-WI","221","A Love Supreme","15"
"Enya","Lily","F","54","Koch","180.16608","paid","Chicago-Naperville-Elgin, IL-IN-WI","221","White Is In The Winter Night (Album)","15"
"BjÃÂ¶rk","Lily","F","55","Koch","185.46893","paid","Chicago-Naperville-Elgin, IL-IN-WI","221","Cover Me","15"
"Gorillaz","Lily","F","56","Koch","433.52771","paid","Chicago-Naperville-Elgin, IL-IN-WI","221","Hong Kong","15"
"Nana Caymmi","Lily","F","57","Koch","174.41914","paid","Chicago-Naperville-Elgin, IL-IN-WI","221","Fim De Caso","15"
"The Courteeners","Lily","F","58","Koch","225.48853","paid","Chicago-Naperville-Elgin, IL-IN-WI","221","Take Over The World","15"
"The Blues Brothers","Lily","F","59","Koch","175.80363","paid","Chicago-Naperville-Elgin, IL-IN-WI","221","Messin' With The Kid (Live Version)","15"
"William Orbit","Lily","F","60","Koch","317.962","paid","Chicago-Naperville-Elgin, IL-IN-WI","221","Barber's Adagio For Strings (Ferry Corsten Remix)","15"
"Coldplay","Lily","F","61","Koch","244.68853","paid","Chicago-Naperville-Elgin, IL-IN-WI","221","Life In Technicolor ii","15"
"Boards of Canada","Lily","F","62","Koch","229.82485","paid","Chicago-Naperville-Elgin, IL-IN-WI","221","84 Pontiac Dream","15"
"Tom Waits","Lily","F","63","Koch","223.26812","paid","Chicago-Naperville-Elgin, IL-IN-WI","221","Sea Of Love","15"
"Philippe Rochard","Lily","F","64","Koch","360.51546","paid","Chicago-Naperville-Elgin, IL-IN-WI","221","Crumpshit","15"
"The Dream Academy","Lily","F","65","Koch","259.29098","paid","Chicago-Naperville-Elgin, IL-IN-WI","221","Life In A Northern Town (LP Version)","15"
"Pantera","Lily","F","66","Koch","244.50567","paid","Chicago-Naperville-Elgin, IL-IN-WI","221","Planet Caravan (Remastered LP Version)","15"
"John Miles","Lily","F","67","Koch","351.9473","paid","Chicago-Naperville-Elgin, IL-IN-WI","221","Music","15"
"Fastway","Lily","F","68","Koch","259.7873","paid","Chicago-Naperville-Elgin, IL-IN-WI","221","Don't Stop The Fight","15"
"Foo Fighters","Lily","F","69","Koch","249.99138","paid","Chicago-Naperville-Elgin, IL-IN-WI","221","Everlong","15"
"Sascha Funke","Lily","F","70","Koch","298.97098","paid","Chicago-Naperville-Elgin, IL-IN-WI","221","Quiet Please","15"
"Apsci","Lily","F","71","Koch","153.25995","paid","Chicago-Naperville-Elgin, IL-IN-WI","221","Never Give Up","15"
"Electric Light Orchestra","Bronson","M","0","Harris","301.94893","free","Eugene, OR","314","Mr Blue Sky","33"
"Cute Is What We Aim For","Lily","F","72","Koch","171.28444","paid","Chicago-Naperville-Elgin, IL-IN-WI","221","Miss Sobriety (Album Version)","15"
"Andy Starr","Lily","F","73","Koch","170.86649","paid","Chicago-Naperville-Elgin, IL-IN-WI","221","Rockin' Rollin' Stone","15"
"Underworld","Bronson","M","1","Harris","329.53424","free","Eugene, OR","314","Teardrop","33"
"The Coral","Lily","F","74","Koch","211.93098","paid","Chicago-Naperville-Elgin, IL-IN-WI","221","Liezah","15"
"Jadakiss","Lily","F","75","Koch","189.67465","paid","Chicago-Naperville-Elgin, IL-IN-WI","221","Pain & Torture","15"
"Chet Baker","Lily","F","76","Koch","264.4371","paid","Chicago-Naperville-Elgin, IL-IN-WI","221","Life","15"
"Alex Ubago","Lily","F","77","Koch","249.36444","paid","Chicago-Naperville-Elgin, IL-IN-WI","221","Que pides tu?","15"
"The Black Keys","Lily","F","78","Koch","1400.2673","paid","Chicago-Naperville-Elgin, IL-IN-WI","221","240 Years Before Your Time","15"
"Camila","Theodore","M","0","Smith","252.29016","free","Houston-The Woodlands-Sugar Land, TX","299","Besame","52"
"Ill NiÃÂ±o","Lily","F","79","Koch","246.22975","paid","Chicago-Naperville-Elgin, IL-IN-WI","221","Numb","15"
"Billy Currington","Lily","F","80","Koch","197.66812","paid","Chicago-Naperville-Elgin, IL-IN-WI","221","Ain't What It Used To Be","15"
"The Killers","Lily","F","81","Koch","230.03383","paid","Chicago-Naperville-Elgin, IL-IN-WI","221","Move Away","15"
"Wordsworth","Lily","F","82","Koch","253.1522","paid","Chicago-Naperville-Elgin, IL-IN-WI","221","Right Now (Produced by Ayatollah)","15"
"Shinedown","Lily","F","83","Koch","220.39465","paid","Chicago-Naperville-Elgin, IL-IN-WI","221","Second Chance (Album Version)","15"
"Ane Brun","Lily","F","84","Koch","248.37179","paid","Chicago-Naperville-Elgin, IL-IN-WI","221","Laid In Earth","15"
"Chris Kenner","Lily","F","85","Koch","238.49751","paid","Chicago-Naperville-Elgin, IL-IN-WI","221","I Like It Like That","15"
"Black Stone Cherry","Lily","F","86","Koch","266.65751","paid","Chicago-Naperville-Elgin, IL-IN-WI","221","The Key (Album Version)","15"
"Foolish Things","Lily","F","87","Koch","266.86649","paid","Chicago-Naperville-Elgin, IL-IN-WI","221","Who Can Compare","15"
"Toto La Momposina","Lily","F","88","Koch","239.90812","paid","Chicago-Naperville-Elgin, IL-IN-WI","221","Dame La Mano Juancho","15"
"The Runaways","Lily","F","89","Koch","201.16853","paid","Chicago-Naperville-Elgin, IL-IN-WI","221","I Love Playin'  With Fire","15"
"Gala","Lily","F","90","Koch","235.44118","paid","Chicago-Naperville-Elgin, IL-IN-WI","221","Suddenly","15"
"Orishas","Lily","F","91","Koch","266.39628","paid","Chicago-Naperville-Elgin, IL-IN-WI","221","El Kilo","15"
"Queen","Ava","F","0","Robinson","78.47138","free","New Haven-Milford, CT","343","Nevermore (1994 Digital Remaster)","50"
"Sondre Lerche","Ava","F","1","Robinson","171.59791","free","New Haven-Milford, CT","343","Heartbeat Radio","50"
"Three Drives","Lily","F","92","Koch","411.6371","paid","Chicago-Naperville-Elgin, IL-IN-WI","221","Greece 2000","15"
"Ottmar Liebert","Lily","F","94","Koch","174.54975","paid","Chicago-Naperville-Elgin, IL-IN-WI","221","Festival (Of 7 Lights)","15"
"Sondre Lerche","Lily","F","95","Koch","247.19628","paid","Chicago-Naperville-Elgin, IL-IN-WI","221","Don't Be Shallow","15"
"Robyn Hitchcock and The Egyptians","Lily","F","96","Koch","214.22975","paid","Chicago-Naperville-Elgin, IL-IN-WI","221","The Black Crow Knows","15"
"The Buggles","Lily","F","97","Koch","198.08608","paid","Chicago-Naperville-Elgin, IL-IN-WI","221","Video Killed The Radio Star","15"
"Kid Cudi / MGMT / Ratatat","Lily","F","98","Koch","295.67955","paid","Chicago-Naperville-Elgin, IL-IN-WI","221","Pursuit Of Happiness (nightmare)","15"
"Damian Marley / Nas","Lily","F","99","Koch","317.30893","paid","Chicago-Naperville-Elgin, IL-IN-WI","221","Road To Zion","15"
"Linkin Park","Lily","F","100","Koch","191.45098","paid","Chicago-Naperville-Elgin, IL-IN-WI","221","Pushing Me Away (Album Version)","15"
"Way Out West","Lily","F","101","Koch","657.73669","paid","Chicago-Naperville-Elgin, IL-IN-WI","221","Killa","15"
"Mr. Airplane Man","Lily","F","102","Koch","218.30485","paid","Chicago-Naperville-Elgin, IL-IN-WI","221","Lonesome Road","15"
"Asking Alexandria","Lily","F","103","Koch","248.99873","paid","Chicago-Naperville-Elgin, IL-IN-WI","221","Hey There Mr. Brooks (feat. Feat. Shawn Mike of Alesana)","15"
"The Cat Empire","Lily","F","104","Koch","307.46077","paid","Chicago-Naperville-Elgin, IL-IN-WI","221","The Chariot","15"
"STRATOVARIUS","Lily","F","1","Burns","350.74567","free","New York-Newark-Jersey City, NY-NJ-PA","349","Twilight Time","32"
"The Mantles","Lily","F","2","Burns","226.53342","free","New York-Newark-Jersey City, NY-NJ-PA","349","Don't Lie","32"
"Tub Ring","Kaleb","M","0","Cook","233.69098","free","Yuba City, CA","213","Invalid","54"
"Jack Johnson","Kaleb","M","1","Cook","173.42649","free","Yuba City, CA","213","Wrong Turn","54"
